作者,赞同数,感谢数,评论数
潜水的鱼,116572,16954,8310
卓钥,60161,11215,489
夏天,11281,1141,1350
艾倫,40243,5526,786
匿名用户,13611,774,1969
飞飞飞飞飞飞飞飞,6649,609,224
小水,4263,344,429
碧洛,13637,1930,389
深海,9517,1157,1378
护耳大脸,16741,1947,1959
Jincher,2073,264,116
杨大宝,9761,2118,696
罗斯同学,4800,971,419
普洱歌剧猫,3182,539,316
尔康,2788,609,1843
三叔,3656,629,266
盯着颗猕猴桃,6510,388,723
程心远,2804,417,454
匿名用户,14690,1632,2634
王盐,1063,146,37
楚凡,2159,239,127
易鳞,1866,298,164
匿名用户,7075,1286,311
麦克信田,1174,81,126
陈一村,6668,576,197
Hannibal Lecter,1891,237,121
刘运涛,1151,220,101
刘烁白,742,206,77
Lydia,16396,3129,1573
半佛仙人,987,95,80
素颜的兔子,1360,183,219
余遥遥,1211,253,76
周冲,1171,247,16
晓凌,1676,308,96
李恬恬,2042,484,317
啊啊啊啊啊,778,137,137
死螳螂,1122,131,225
laich,16026,2232,3318
林晨语,2614,515,376
Amy Qiang,854,68,68
白源源,1062,124,68
哒柏,545,79,39
左岸古,3507,331,405
Mr.Secret,824,163,212
椰丝Yes,860,87,44
蒲公英,1724,125,143
匿名用户,1222,269,79
克努尔普,483,80,25
尹小二,718,88,52
极乐,3968,902,304
美宴汽车-蔡甲,533,73,61
徐二饼,637,106,239
vczh,351,41,40
桜町風俗店長,500,30,40
好姑娘老妖,705,103,85
英俊的陈双獒,227,53,17
一菲,1607,345,93
陈晨,293,61,37
西红柿铁铁,2285,569,160
Zhang Leslie,438,80,84
孙扶雅,819,120,463
让让让开,543,56,251
李三才,262,50,39
123七,637,74,110
Holli,2152,548,186
匿名用户,1730,171,126
Pity,364,49,77
Shaun,1894,437,113
王刚,267,34,135
可乐鸡翅酱,674,74,108
HARURU,436,80,81
磐石,190,23,18
半盏浮生半盏可乐,250,45,55
王路,636,169,37
匿名用户,404,79,60
罗盼盼,291,28,109
茄梨酱,156,34,21
匿名用户,401,48,98
爱哭的柚里,339,63,60
殷浩天,519,114,289
黄辛,482,134,86
马八斤,275,72,36
菠菜,954,272,248
annetingting,368,39,227
笨笨的蛋卷,106,14,5
韩东燃,546,137,61
阿滚,295,43,44
腾天,145,29,32
小太阳,263,50,44
戴日强,274,47,52
01酱,2419,330,268
匿名用户,249,37,29
actor,300,39,78
毒化井水,244,21,13
孙悟空,263,43,42
Cherry Zuo,933,195,271
贾明智读书了吗,247,29,38
匿名用户,244,44,49
过得还可以,1288,323,77
还呗,146,10,16
Xinwei小香猪,308,70,74
Michael,252,27,35
廖晓橙,297,31,108
Makelove-PHI,314,71,116
王璟,462,70,121
夏目大人sama,238,23,121
风凉,464,129,37
洛森颐,1577,357,267
莎鸥,130,14,25
匿名用户,1172,275,694
许明亮ins,111,9,14
林未知,91,20,30
之耳尔知,327,72,77
张让琳,1441,226,46
匿名用户,1424,360,177
易中夫,233,32,15
外向的孤独患者,630,104,96
福大吴彦祖,143,24,25
闲逛吴,219,18,29
张仲醒,316,31,80
欠我一条大长腿,397,35,103
文小疯,241,70,51
pony,563,83,69
方生,497,64,0
仙女,273,34,134
徐斌,171,32,79
chara,145,22,0
梁钰,1290,279,210
张仕志,135,30,39
匿名用户,96,10,51
米白清瑶,67,14,16
菠萝,206,28,93
李峰,4834,745,22
少年没头发,161,14,30
猫黍,138,20,24
试试能不能改名,53,5,7
天黑,187,19,80
匿名用户,168,28,127
青锐吴斌,142,19,66
山有木兮,141,31,22
maybekylieidk,218,38,94
摇铃铛,149,28,0
虎皮纱,95,12,33
匿名用户,173,26,59
匿名用户,755,217,238
不及,262,51,62
匿名用户,129,25,34
二里半,116,22,21
Molly麥,120,49,44
欲三更,396,102,32
海与海蛇,8,1,1
达达令,47,6,15
匿名用户,275,29,81
南京老许,59,17,17
俗不可耐,39,8,3
木叶小队长,15,5,10
章筱薇,193,94,61
匿名用户,161,19,100
果舒,78,35,25
胡言乱语,64,6,15
匿名用户,81,20,24
热心市民吴先生,30,2,0
简浅,695,99,26
Sharky,107,15,92
ling,0,0,0
蔡江舟raist,99,22,97
匿名用户,103,29,12
阿碧,357,89,127
匿名用户,68,20,17
贺仙,150,36,93
怀念,31,6,16
匿名用户,189,19,69
神月,20,3,2
冯Rinka,111,24,61
Beauty Vea,16,6,18
大波老贺正在接近,11,2,1
卿未离,539,93,237
帝哲,276,91,99
长风万里送秋雁,9,5,2
匿名用户,92,13,24
就是个姓刘的,21,3,4
欧阳,62,24,21
远方的记忆,57,10,23
文子,3,0,1
小喵酱,71,8,50
匿名用户,68,9,26
小奶狗,79,14,12
Ahaa,26,1,6
唐芊芊,101,16,38
CSrotate,118,27,35
匿名用户,26,4,5
匿名用户,297,92,79
匿名用户,67,8,9
军事博士讲情感,21,5,3
莫忧思,21,14,5
正宗傻白甜,89,9,88
[已重置],204,23,0
谢若林,15,3,10
姜振鹏,156,57,17
姚杨,63,12,12
Kesia,7,0,0
Aunicorn,22,9,11
杨平安,73,18,6
AbeL23R,62,4,0
孙二小姐,157,40,24
wuweilxl,7,6,4
二木,56,17,7
匿名用户,243,47,79
殷小鹿,11,4,5
楊沫沫,182,54,28
漆大侠,226,69,38
伯光君,11,1,0
倪敏鹤,301,41,24
赵一鸣,121,9,10
乐荐保易品保险,104,22,23
Misa,56,5,5
方应杭,32,3,13
高一高,4,2,1
畫未,69,14,70
匿名用户,243,91,127
姜知程,54,11,6
匿名用户,54,3,39
匿名用户,57,25,9
冉甲男,57,7,11
Peng Leslie,240,55,41
子楠,95,17,49
楼海纪,54,16,11
NYLE,166,56,33
苗xw,47,14,19
夜神K2,68,8,15
马不理,24,5,5
天才小海螺,72,20,24
客存,6,2,2
谷浩,45,11,15
钱庄庄,48,10,19
匿名用户,57,16,49
德运,110,26,16
匿名用户,175,18,92
阿菁,44,16,4
邹禹同,158,13,57
will lian,18,3,8
唐长老,5,1,8
MoRty,42,10,7
Nirvana思矣,16,12,4
许己,15,1,4
赵雅君,2,3,4
匿名用户,18,1,7
王文,117,9,19
李传,24,2,2
Shadow,41,3,3
安娜的H不发音,67,17,51
王小萌,55,14,14
王慧非,3,0,2
jing,20,1,5
匿名用户,55,20,59
谭威,20,2,14
侯俞余,15,3,3
重复,41,21,7
shapeng Yan,1,2,0
奥莉安娜,14,0,2
李希烈,37,5,21
安妮,38,7,1
爻艮兑,17,3,10
仔仔,6,0,2
大东,62,9,22
甄昊元,7,2,2
hao Lee,106,42,13
Denny Crane,16,8,3
肖彤晖,32,7,4
张惠弟,32,4,6
离我远一点,32,6,17
猪猡懦夫,5,1,0
哑铃,34,12,15
一颗橙子,25,6,2
木兆桃,51,11,52
王缺木,161,59,33
匿名用户,31,15,5
康斯坦丁,31,12,7
Jun zhou,12,5,3
桂能,4,2,0
傅爱,29,4,4
Carrie,29,6,17
匿名用户,67,14,43
林梦,3,1,8
伊心同学,105,21,16
Creamy络,57,7,7
匿名用户,30,10,31
ShawnMoon,32,12,4
匿名用户,32,5,34
luna桑,26,4,9
沉潜,72,15,17
落萧,25,2,7
就是那么美的炸裂苍穹,24,1,7
吉木,26,3,3
和风,26,5,20
JasonXu,17,8,5
手把手教你谈恋爱,3,1,1
科研狂人,14,4,32
双失土鸡,25,3,2
有灵魂但不够有趣,13,2,5
唐仁谋,22,4,3
马鹿,26,9,3
步衫,24,9,25
姽婳,24,5,10
庭榛,76,19,31
优白,2,2,0
飞天小猴子,32,6,6
笑笑,21,5,2
匿名用户,30,2,8
美叔,26,10,9
三土,29,4,3
馍兽,73,13,17
张不同,22,5,1
陈凡,23,10,6
寿九,0,0,1
沉睡的赫拜拉,21,3,0
Lawyer Ye,21,5,1
余天宇Sky,21,5,5
匿名用户,21,9,9
iizx和yf,3,0,0
鸡哥哥,19,3,0
匿名用户,19,5,1
阿茜,19,3,10
M3小蘑菇,4,0,1
且听风吟,24,9,6
匿名用户,20,7,6
雅心,18,2,17
肛里拉出个电锯,18,4,11
萌哒哒女王,18,2,1
匿名用户,26,3,0
phobos,0,0,0
没有,31,7,28
走路带风,27,6,8
如烟,21,7,4
匿名用户,56,11,57
温小星,17,2,0
马可爱,17,3,1
钱昱含,18,7,11
赵老三,16,6,0
威海晴天,16,3,2
卷头大脑门,26,1,6
王ruarua,6,0,1
匿名用户,4,1,14
匿名用户,19,3,24
韦氏君,1,1,0
谌斌,23,3,9
老陈,17,0,2
匿名用户,15,3,14
邢芒珂,18,7,7
阳光清清,2,0,6
四单,1,0,0
Ryoma,7,3,0
孙砍柴,16,6,8
nyanpath,29,12,6
哈立德,141,27,0
匿名用户,14,2,3
匿名用户,14,4,6
匿名用户,14,5,2
安槿然,17,2,6
曹新彬,17,4,7
木杉,95,34,12
匿名用户,19,3,1
猫小禾,86,21,13
Kurfurst,13,4,3
忘忧玲,13,3,3
匿名用户,13,3,16
贡公子,13,5,0
一笔一画,4,0,0
平章一文字,17,5,5
荆慢慢2.0,14,1,3
匿名用户,14,1,11
潜心,14,3,0
匿名用户,14,2,2
匿名用户,14,1,1
西风糖,2,0,0
阿黄,12,1,1
牛津,3,1,1
孙小猴,3,3,3
骋目思行,12,4,4
匿名用户,12,3,1
歐陽浩南,2,3,0
宝宝不傻,0,0,0
胡子,13,5,3
杨书翔,13,7,8
Listenin,0,0,0
森森,11,7,1
秦猫猫,11,4,3
Husky汪汪,11,3,0
杀生丸大人,11,3,8
匿名用户,11,2,12
匿名用户,11,3,9
eyey,11,3,0
匿名用户,11,2,1
xhm123,11,0,2
李佳,12,3,19
常学智,83,18,11
大撸管家,4,1,4
奔跑的包子,3,1,0
YorkeMan,0,0,0
匿名用户,14,5,3
一碗小盒饭,10,0,2
一心,10,3,1
龙棋,10,0,4
老井,2,0,1
Yang先生,11,4,1
赫拉克利特的火,12,12,0
苏颇曼,13,1,4
匿名用户,9,0,1
Grover Chen,0,1,0
Yang Liu,9,2,0
Wenyang,9,2,9
木雨,9,1,1
Echo lc,9,1,0
林思涵,9,8,1
不告诉你,9,5,0
李家小子,9,4,0
顾渚,9,2,0
名爽字裒之,9,0,4
陈瑶,9,1,1
临江仙,9,3,0
匿名用户,9,6,0
王金鑫,9,2,18
王心零,0,0,0
匿名用户,11,2,9
gay然的喵酱,12,2,32
匿名用户,8,0,2
匿名用户,8,0,5
叨叨叨兔,8,2,0
霍克明,8,4,1
红妆泪,8,3,2
在路上,8,1,5
Rika,8,3,4
匿名用户,8,1,0
匿名用户,8,6,10
李必达,8,3,0
欲姐,8,6,7
未名,8,1,3
lyounger,8,7,4
匿名用户,8,5,2
李大茹fitness,8,2,4
匿名用户,8,1,4
匿名用户,8,1,12
匿名用户,8,1,6
一只狗,8,1,4
Zpuzzle,8,2,5
火锅爱吃燃面,8,1,8
匿名用户,8,3,6
栗子味姑娘,8,1,6
圭圭,9,1,3
驯龙少女,9,2,1
吳天格,10,2,7
匿名用户,11,1,7
匿名用户,7,1,4
匿名用户,7,2,0
未名,7,1,1
匿名用户,7,3,3
匿名用户,7,1,1
伏龙肝爱地浆水,7,1,1
夏风,7,0,1
芋圆三号,7,1,1
匿名用户,7,4,5
chen joe,7,3,1
匿名用户,7,2,1
软钉,7,3,2
匿名用户,7,4,16
张成祥,7,1,0
小猴子summer,7,2,1
HLiu,7,3,0
匿名用户,7,2,0
张华,7,0,0
王莺,7,2,0
盘贝尔,7,3,4
中华田园大老虎,7,0,1
LLLLL1 flower,7,1,2
杜若,7,0,3
白小白,7,1,2
郑天玑,12,2,10
南野,11,2,4
匿名用户,8,1,6
某某树,8,2,0
匿名用户,8,2,5
江南烟雨,8,2,1
萌到了,8,5,0
匿名用户,10,1,5
匿名用户,9,1,5
德国的绿豆豆,9,2,7
Jimmy Cheung,34,9,7
加纳马耳他,6,1,1
匿名用户,6,0,0
疯子,6,2,2
月明,6,0,1
匿名用户,6,1,2
蔄夏,6,3,7
frank小青,6,0,5
七月巴,6,1,1
昭阳,6,0,1
closerer,6,1,0
喵Yimi,6,3,0
崔磊,6,0,5
薛定谔的箱子,6,0,0
NothinLikeTheSun,6,1,0
不幼稚园长,6,1,1
Vivianbxt,6,2,14
吴嘉,6,3,1
魏大鹅,6,0,7
厉子卿,6,0,1
匿名用户,6,3,2
左手,6,0,4
晨韦,6,2,1
wiki,6,5,1
不眠之眼,6,1,0
知不道,6,2,0
周南,6,4,3
有钱不知道怎么花,6,1,0
洛熙,6,1,3
猫妹,6,3,0
ZOOOOOOM桂,6,0,1
胡庆伟,6,2,6
匿名用户,6,2,5
花生阿落w,6,2,1
匿名用户,6,0,0
利福平,6,0,0
竺有节,12,1,12
梦里摘星辰,9,0,3
产品经理张扬,9,0,0
angrybob,16,1,12
whoeveriam,7,1,4
yoyo老师,7,5,6
易铭,7,0,1
匿名用户,7,3,14
匿名用户,8,3,3
匿名用户,8,2,5
匿名用户,9,0,8
匿名用户,5,0,0
匿名用户,5,0,0
匿名用户,5,0,2
匿名用户,5,2,0
白日曰,5,4,2
匿名用户,5,0,6
匿名用户,5,1,9
匿名用户,5,2,7
匿名用户,5,0,1
汪汪,5,2,0
vovokvnxz,5,2,0
薛伯德,5,0,0
itszhsdww,5,1,0
dnyjphxry,5,1,0
匿名用户,5,1,0
匿名用户,5,2,4
卦神李小姐呀,5,0,0
崽崽不壮只是胖,5,0,2
但丁一曲,5,1,6
雨夜樵夫,5,3,6
瓜皮同学,5,0,1
高腰线,5,0,0
匿名用户,5,1,6
老流氓,5,3,0
俏皮可爱的小牛,5,0,7
甘罗,5,2,3
WatermelonMball,5,1,9
马克,5,2,0
匿名用户,5,2,5
码小满,5,1,0
Billy Fan,5,4,1
straggler,5,4,7
别打小美妞,5,0,3
匿名用户,5,0,0
匿名用户,5,2,5
濛歌,5,1,8
匿名用户,5,1,0
南南,5,1,1
solar yy,5,0,2
匿名用户,5,0,3
匿名用户,5,0,5
小歹,5,0,0
JANE,5,1,5
范嘉俊,5,0,0
promise,5,0,5
临沭,5,1,4
匿名用户,5,0,2
华尔街之狼,5,0,0
匿名用户,10,1,11
香黛儿,7,1,18
匿名用户,6,0,14
谭弹古筝,6,0,3
孟小福66,6,6,2
鲲潜,6,0,1
西葫芦,6,1,2
匿名用户,6,3,4
姱赢,7,0,4
匿名用户,6,0,0
玄天宗,6,4,1
匿名用户,4,0,0
海棠,4,0,2
匿名用户,4,0,1
匿名用户,4,0,1
神秘的不得了,4,0,8
经典音乐导师,4,2,0
望幸福,4,0,4
匿名用户,4,0,1
匿名用户,4,0,1
陈狂,4,1,3
匿名用户,4,0,4
一程如烟,4,1,0
YOUNG,4,0,3
火麟断浪,4,0,1
长江后浪,4,1,3
帅气欧巴,4,0,1
小二丫,4,0,0
匿名用户,4,0,7
匿名用户,4,1,0
天羊,4,0,1
鲲鹏,4,1,0
匿名用户,4,0,13
那些不敢说的秘密,4,1,3
晗馨,4,0,0
匿名用户,4,1,3
匿名用户,4,0,15
谢立玮,4,2,0
陆华筝,4,1,15
带娃先走,4,0,0
匿名用户,4,2,0
一业化十,4,0,5
maryann,4,4,6
渔雅,4,3,0
陆静岚,4,0,1
匿名用户,4,4,12
夏花,4,2,1
匿名用户,4,2,3
匿名用户,4,1,2
匿名用户,4,0,2
成佛,4,0,3
匿名用户,4,2,16
匿名用户,4,0,2
匿名用户,4,2,1
cjy纯洁呀,4,3,3
匿名用户,4,6,2
neromous,4,1,0
小潘潘,4,3,5
飞耳小熊猫,4,3,3
匿名用户,4,0,5
匿名用户,4,2,0
柴正经,4,1,0
新鲜的韭菜,4,1,0
北极熊的企鹅,4,0,0
匿名用户,4,1,5
谢麻烦,4,0,0
oyaji,4,0,0
故事你真的在听吗,4,1,3
刘晶,4,1,0
匿名用户,4,0,6
写东西不挂猫头,4,0,2
金总001,4,0,0
匿名用户,4,0,5
王文剑,4,0,0
玉诺,4,1,6
桂花酸梅汤,4,0,2
匿名用户,4,0,10
匿名用户,4,0,3
匿名用户,4,0,2
匿名用户,4,0,0
佛系车手,4,0,0
炸酱面,4,0,2
chan,4,0,19
小宝plus,4,1,1
匿名用户,4,0,1
匿名用户,4,1,7
烟花烟花想见你,4,0,0
匿名用户,4,0,2
匿名用户,4,1,29
拾年,4,0,0
弎多,4,0,3
匿名用户,4,1,0
白雨宸,4,0,0
匿名用户,4,0,2
匿名用户,4,1,15
匿名用户,4,0,0
匿名用户,4,0,14
匿名用户,4,1,0
匿名用户,4,0,1
匿名用户,4,0,10
狼外婆,4,0,0
匿名用户,4,0,6
百世经纶一页书,8,0,5
匿名用户,5,1,2
匿名用户,5,3,14
匿名用户,5,1,4
Roxie,5,1,1
红衣姊姊,5,1,4
彻悟真人,5,1,2
素羽,5,0,0
摇滚死兔子,5,2,2
园滚滚,5,0,9
我的名字叫孟婷,5,0,2
匿名用户,5,0,1
黄掰掰,5,1,0
匿名用户,7,1,23
匿名用户,7,1,11
匿名用户,5,1,1
Mogician燃,5,1,4
大象小师,5,0,0
七分正气,5,1,1
匿名用户,3,0,4
匿名用户,3,0,4
沈南,3,0,6
匿名用户,3,0,1
雅思口语薇薇安,3,0,0
匿名用户,3,1,1
匿名用户,3,0,0
匿名用户,3,0,0
匿名用户,3,0,6
二三使然,3,0,1
匿名用户,3,0,0
唐雨,3,0,0
我是小楼,3,0,4
坚硬的小石块,3,0,0
匿名用户,3,0,6
莫细雨,3,0,0
匿名用户,3,0,0
咚巴拉小魔仙,3,0,0
薛动谔的喵,3,0,0
萧红,3,0,0
匿名用户,3,0,0
叫声好哥哥,3,0,3
婆婆,3,0,1
匿名用户,3,0,10
材料劝退委员会,3,3,0
匿名用户,3,0,1
lanche0v0,3,0,0
嗨啊,3,0,0
疯男君,3,0,6
匿名用户,3,0,0
朱毅,3,0,1
匿名用户,3,0,13
匿名用户,3,0,2
匿名用户,3,0,2
匿名用户,3,0,8
伸懒腰,3,0,0
傲慢,3,0,1
匿名用户,3,0,1
漓晌,3,0,0
匿名用户,3,0,3
Q先生,3,0,0
缪斯赤贫,3,0,3
夏龙河,3,0,0
匿名用户,3,0,0
薄荷,3,0,2
最终的序曲,3,2,0
鱼谷翠,3,1,0
莎落美,3,0,4
yolanda,3,0,0
匿名用户,3,0,1
Tony.圆子,3,0,7
Katrina,3,2,0
匿名用户,3,0,3
小宝,3,0,1
古都de狼,3,2,2
匿名用户,3,2,9
匿名用户,3,2,0
六个窗,3,0,2
匿名用户,3,0,6
匿名用户,3,2,0
老蒋,3,0,2
李大发,3,0,0
匿名用户,3,0,0
胡十四,3,0,0
天外的琴弦,3,0,4
匿名用户,3,1,4
匿名用户,3,0,0
邓龚达,3,1,1
匿名用户,3,0,1
匿名用户,3,1,0
张迎栋,3,1,0
欧文,3,0,0
匿名用户,3,3,0
赵日天,3,2,0
匿名用户,3,0,6
匿名用户,3,4,5
Raj view,3,1,0
匿名用户,3,3,2
匿名用户,3,0,1
聂三,3,1,0
孙小宅,3,0,0
Dora Sun,3,0,0
Nao-diamond,3,1,0
糖二白,3,1,0
匿名用户,3,0,3
姚王晶,3,1,2
Tiziano Vecelli,3,0,4
匿名用户,3,0,4
梁潇,3,1,1
derluby,3,0,5
匿名用户,3,1,39
表哥,3,0,0
神马,3,1,2
阿狸,3,1,2
阿意,3,2,9
小义,3,0,2
匿名用户,3,0,1
黄澄澄,3,1,0
夏语冰,3,0,3
张继午,3,0,0
百两御之,3,3,7
匿名用户,3,2,2
丁丁大魔王,3,0,0
朝花夕小拾,3,3,3
党来了,3,2,0
白小羊,3,0,0
胖到卡门,3,2,1
徐提子,3,1,0
米予安,3,1,0
俱往矣,3,0,0
一蓑烟雨任平生,3,0,1
胡安琦,3,0,0
匿名用户,3,1,6
匿名用户,3,0,2
NINI,3,0,2
没脸见人,3,3,0
匿名用户,3,0,2
吴楚,3,0,1
meng murphy,3,0,0
匿名用户,3,1,5
匿名用户,3,0,1
Dana,3,0,2
匿名用户,3,0,0
匿名用户,3,0,3
jimgreen,3,0,1
大猫,3,0,0
大湖,3,0,0
daicy,3,0,1
匿名用户,3,0,0
匿名用户,3,0,5
匿名用户,3,0,6
撸出血来哭出声,3,0,0
匿名用户,3,0,4
楚归,3,0,5
疯一样的男子,3,0,0
匿名用户,3,0,8
匿名用户,3,0,0
周真二,3,0,0
还回家,3,0,0
匿名用户,3,0,2
匿名用户,3,0,10
喂 上车不,3,0,2
木子,3,0,0
平凡的枭雄,3,0,0
匿名用户,3,0,1
隋梟,3,3,7
紫菜蛋汤,3,1,1
匿名用户,3,0,2
紫黛,3,1,1
匿名用户,3,0,4
喵喵喵,3,0,3
匿名用户,3,0,1
匿名用户,3,0,0
匿名用户,3,0,0
匿名用户,3,1,3
黄程蕊,3,0,0
匿名用户,3,0,0
匿名用户,3,0,4
萌宝伟,3,1,0
匿名用户,3,0,1
匿名用户,3,2,0
天使姐姐,3,0,0
青韵,3,1,7
断水,3,0,0
喜鹊儿,3,1,1
匿名用户,3,1,1
李洺,3,0,1
包子脸的年画娃娃,3,2,3
陈酒酒,3,2,1
WGFrounhofer,3,0,0
艾芙,3,1,6
匿名用户,3,0,2
匿名用户,3,1,0
扑克先生-AQ5J,3,0,0
匿名用户,3,0,2
令狐不冲,3,0,2
匿名用户,3,1,0
汪汪,3,0,1
淮南月,3,1,0
道长,3,0,0
紫薯甜甜圈儿,3,0,1
匿名用户,3,1,0
匿名用户,3,0,1
匿名用户,3,0,0
匿名用户,3,1,0
大大大橙,3,0,4
世界有光,3,0,0
柳琉,3,0,2
夜莺与诗人,3,0,0
脉若蔻,3,1,1
娜塔莎的极光,3,0,1
水钻,3,0,0
桃金娘,3,0,1
一直很安静,3,0,0
匿名用户,3,0,3
匿名用户,3,0,2
雨沐清风02,3,0,0
匿名用户,3,0,21
毛毛酱,3,0,0
叫我女王大人,3,0,0
匿名用户,3,2,7
薄荷,3,0,0
追风,3,0,4
匿名用户,4,1,4
匿名用户,4,0,3
匿名用户,4,0,1
吴脑,4,0,0
独角兽,4,1,6
匿名用户,4,1,0
匿名用户,4,1,2
匿名用户,4,0,5
Veronica1224,4,2,0
付念念,4,0,2
薛定谔的猫,4,1,1
匿名用户,4,0,3
匿名用户,4,0,1
杰克马丁,4,0,8
匿名用户,4,1,3
匿名用户,4,0,13
匿名用户,4,0,2
even,4,0,0
匿名用户,4,0,19
匿名用户,7,3,56
我和我的各自天涯,5,0,1
猛回头,5,1,15
于连,5,0,0
匿名用户,21,6,16
匿名用户,9,2,15
匿名用户,4,1,5
匿名用户,4,0,2
匿名用户,3,0,0
CCBS Club,3,0,0
暖暖free,3,0,0
然脂,3,1,0
常有晴,3,0,0
匿名用户,3,1,0
没关系再继续努力,3,0,0
付子析,3,1,2
诺宝,3,0,0
流花猫,3,0,2
小戈,3,0,2
邱国栋,3,0,4
匿名用户,3,0,4
杜雨洁,3,2,3
匿名用户,3,1,36
Correl,3,0,1
汤君,3,0,1
霏雪恋天,3,3,0
今天有范,3,0,0
仇家的宝宝,3,0,0
每天都会很快乐,3,0,0
hoodlum1980,3,2,0
张曦予,3,0,3
簌簌下,3,2,19
碎竹,3,0,0
匿名用户,3,1,3
匿名用户,3,0,1
匿名用户,3,0,1
右手的老茧,3,0,0
匿名用户,3,0,0
Peter 于宝,3,0,0
黑猫,3,0,0
聪明的杰瑞,3,0,0
卜半仙,3,1,1
二十四桥,3,1,2
冬眠的考拉学长,3,0,0
抱朴,3,1,0
匿名用户,2,0,2
璃笙,2,0,0
韩矜持,2,0,4
不二,2,0,5
善良的jagger,2,0,2
蜡笔,2,0,2
BADMAN XOX,2,0,3
TitanAZS,2,0,1
陈思特,2,0,6
忒恩,2,0,0
么以奥淼,2,0,0
你猜,2,0,1
小清新新新新,2,0,4
黄安之,2,1,1
匿名用户,2,1,0
西不知y,2,0,1
宋宋,2,0,0
子非鱼,2,0,2
窗外的窗,2,0,0
我是你的小辰辰啊,2,0,0
匿名用户,2,0,1
匿名用户,2,0,1
陌生人请给我一支兰州,2,0,0
卷心菜,2,0,0
白萝卜,2,0,2
匿名用户,2,0,3
苏苏苏,2,0,0
洗耳朵的卡夫卡,2,0,0
扶摇,2,0,0
鹿小蕾,2,0,0
999,2,0,0
张小丫,2,0,0
匿名用户,2,0,5
知恩图报,2,0,1
grape,2,0,1
Harley,2,0,0
匿名用户,2,0,0
匿名用户,2,0,1
sweety,2,0,1
我在1996等你,2,0,0
匿名用户,2,1,0
知之为知之,2,0,0
匿名用户,2,0,0
匿名用户,2,0,1
匿名用户,2,0,0
匿名用户,2,0,2
匿名用户,2,0,2
退堂鼓咚咚,2,0,1
匿名用户,2,0,0
春分之前,2,1,0
匿名用户,2,0,0
佚名用户,2,0,0
馨馨hzk092212,2,0,0
匿名用户,2,2,0
王东明,2,1,0
匿名用户,2,0,19
缄默,2,0,2
一个自带主角光环,2,0,0
小鱼,2,0,4
优美的西兰花,2,0,1
Lizzy,2,0,2
匿名用户,2,0,3
桑柏,2,1,7
一粒米都不能剩,2,0,0
LiuChe,2,0,0
匿名用户,2,0,1
傻羊,2,0,0
玉洁,2,0,0
匿名用户,2,0,3
匿名用户,2,0,0
匿名用户,2,0,0
史本座,2,0,0
卢泠,2,0,0
第三只眼,2,0,1
stare,2,0,0
匿名用户,2,0,0
润璞,2,0,0
金戋,2,0,0
zZWw,2,0,1
匿名用户,2,0,0
匿名用户,2,0,2
匿名用户,2,0,0
匿名用户,2,1,0
花腔,2,0,1
瞌睡的闲云,2,0,0
匿名用户,2,0,1
椰子水了没,2,0,0
匿名用户,2,1,0
繁华梦一场,2,0,0
匿名用户,2,0,5
阿黛尔,2,1,0
斐斐,2,0,0
匿名用户,2,0,0
匿名用户,2,0,0
番茄沙司蛋,2,0,0
小明,2,0,0
匿名用户,2,1,4
夜凉南行,2,0,0
匿名用户,2,0,3
娇滴滴,2,0,1
大兔爷,2,0,0
哇哈哈,2,0,0
一只耳姑娘,2,0,0
囧子joseph,2,0,0
匿名用户,2,0,0
匿名用户,2,2,5
小厚,2,2,2
任独秀(致死之吻),2,0,0
匿名用户,2,0,0
小北,2,0,0
大提琴,2,1,0
米诺夫粒子发生器,2,0,1
恰似归期未有时,2,0,0
御风,2,0,0
匿名用户,2,1,5
失逸幸魂,2,0,0
匿名用户,2,1,4
Sooooba,2,0,2
徐牵牛,2,0,0
七忆鱼灬,2,0,3
苏玮,2,0,0
匿名用户,2,0,1
哲也,2,0,0
煎饼,2,0,1
芋酱,2,2,2
简安,2,0,0
乐天,2,2,0
monstar,2,0,2
[已重置],2,1,1
匿名用户,2,0,8
优雅的猪,2,1,0
匿名用户,2,0,2
匿名用户,2,0,7
匿名用户,2,0,1
林志俊,2,0,0
匿名用户,2,1,0
匿名用户,2,1,43
匿名用户,2,1,7
匿名用户,2,0,1
乌云的天空,2,0,0
匿名用户,2,1,0
纵情者 大梦一场,2,0,2
中华万岁8888,2,0,0
蕉兔,2,0,1
匿名用户,2,0,0
匿名用户,2,0,7
喜杨杨,2,0,2
若荷清寒,2,0,0
迪迦牟尼,2,0,1
匿名用户,2,0,0
匿名用户,2,0,1
熊长官,2,0,2
乔宇轩,2,0,1
simiy,2,0,0
匿名用户,2,0,0
匿名用户,2,0,1
杨浩宇的猪精女孩,2,0,6
沐少愛,2,1,0
匿名用户,2,1,8
大一大万大吉,2,0,0
黯然销魂者,2,0,0
忘不了的心痛,2,0,0
匿名用户,2,0,0
sowillwe,2,0,1
匿名用户,2,0,1
hopehaifeng,2,0,0
Mrs xiaomi,2,0,0
匿名用户,2,1,8
REMY,2,1,0
无好感了,2,0,0
清徽,2,0,0
会飞的熊,2,0,0
孙程程,2,0,0
黄慕白,2,0,0
喵酱,2,0,0
喻欢欢,2,0,3
匿名用户,2,0,5
耕耘,2,0,2
匿名用户,2,1,13
李杨也先,2,1,1
匿名用户,2,1,3
吴昊,2,0,0
宠爱,2,0,1
路之石,2,0,0
匿名用户,2,0,0
匿名用户,2,0,0
leven,2,1,1
黄沙,2,1,1
评论家,2,0,2
匿名用户,2,0,3
刘健龙,2,0,0
你好我有病,2,1,2
宋谷,2,0,0
Mr.Black,2,1,0
匿名用户,2,0,0
绯樱闲,2,2,4
图兰朵,2,0,0
黄泽堃,2,1,1
呼呼哈嘿,2,0,2
云中月光,2,1,0
Laura,2,0,8
胡不归,2,2,0
煮雨一杯茶,2,0,0
湖海散人,2,0,0
石楠,2,4,1
黑桐,2,2,0
颜馨琪,2,0,0
宋宋宋,2,0,1
哈哈侯,2,2,1
匿名用户,2,0,0
韦达,2,0,0
匿名用户,2,1,3
knight,2,2,0
撄遥,2,3,2
匿名用户,2,0,0
匿名用户,2,0,0
匿名用户,2,2,5
匿名用户,2,2,4
匿名用户,2,3,1
黄学宁,2,0,0
啊啦勒,2,0,0
桃桃最可爱了,2,1,7
徐松,2,1,2
ZHANG Yang,2,1,0
托洛茨基职业忽悠,2,0,0
沙袖,2,0,0
职职帮,2,1,0
陈有希,2,1,2
keylor李担,2,0,2
张张,2,0,0
Hades,2,0,0
匿名用户,2,0,0
赵八周,2,0,0
大慧慧,2,0,2
匿名用户,2,1,0
一只小丸子,2,0,1
榴莲,2,0,0
孙沛,2,0,0
小星星,2,0,0
匿名用户,2,0,1
匿名用户,2,0,2
熙菀儿,2,1,0
匿名用户,2,0,5
dadongguashini,2,1,0
甜心,2,2,2
丁一,2,1,1
方玥,2,2,0
匿名用户,2,0,2
匿名用户,2,2,2
匿名用户,2,1,0
12345,2,0,0
xiaok,2,0,4
一个人,2,0,0
匿名用户,2,3,0
大脸国的女王大人,2,2,1
大爱无疆,2,2,0
老来多,2,1,0
sss,2,1,0
谙子君,2,2,3
匿名用户,2,2,5
二妞,2,0,2
姓陈咯,2,1,0
阿凌,2,0,3
戒甜,2,0,2
喵喵酱,2,0,6
匿名用户,2,1,8
shit happens,2,0,1
孟懿,2,0,1
鱼子酱骨头,2,0,0
匿名用户,2,2,0
肉包大人,2,1,3
林赛罗韩,2,2,0
四时,2,4,3
莹王,2,0,0
嗯哼,2,3,0
第一次,2,1,0
李挖挖,2,1,8
匿名用户,2,1,0
吴不可,2,1,0
简真,2,0,0
魔力粉头,2,4,1
简易式人偶型路灯,2,1,0
侯小八,2,0,4
匿名用户,2,1,0
St Paul,2,0,1
Hudson Mr,2,1,6
张角巾,2,1,0
匿名用户,2,0,0
李人六,2,0,0
匿名用户,2,0,5
大海里的沙,2,0,0
匿名用户,2,0,6
梅子婷,2,0,1
匿名用户,2,0,0
沼跃鱼desu,2,0,0
鰻魚,2,0,0
匿名用户,2,0,6
Monnniq,2,0,2
匿名用户,2,0,0
Sic酱,2,0,0
加菲不是嘉妃,2,0,1
每天帅一点,2,2,0
匿名用户,2,0,3
匿名用户,2,0,0
吴桃桃,2,0,0
匿名用户,2,0,2
温瀟穎,2,0,0
JI一YEO,2,0,0
静子张,2,0,0
王瀚,2,0,1
狸花猫,2,0,0
波波,2,0,1
匿名用户,2,0,1
何HYQ,2,0,6
乌苏贝尔,2,0,2
匿名用户,2,0,0
青未了,2,1,2
匿名用户,2,0,4
匿名用户,2,0,0
金宝贝麻麻,2,2,0
匿名用户,2,0,4
匿名用户,2,2,0
奶茶Sunday,2,1,0
江山一快,2,0,0
珙谠特务特朗普,2,0,0
林自慢,2,1,1
浩浩浩浩欧巴,2,0,0
匿名用户,2,0,0
克己勤丰,2,0,1
匿名用户,2,0,0
往事随风,2,0,0
匿名用户,2,0,0
钟仲,2,0,0
尘衣,2,0,1
陈文翔,2,0,2
匿名用户,2,0,3
书予,2,0,0
王小裙儿,2,0,0
匿名用户,2,1,0
超级萌的茶叶蛋,2,0,5
匿名用户,2,0,2
潇潇雨歇微风和,2,0,1
芊芊阙郭,2,0,0
匿名用户,2,0,3
匿名用户,2,0,1
peakchao,2,0,0
shan若初见,2,0,0
匿名用户,2,0,4
匿名用户,2,1,1
白兔,2,1,0
浪花儿儿儿,2,0,0
匿名用户,2,0,0
狄狄,2,0,1
永恒誓言123,2,0,2
花骨朵,2,0,1
古文说,2,0,0
匿名用户,2,1,1
泗时明,2,0,0
匿名用户,2,0,3
匿名用户,2,1,1
水冰寒,2,0,1
匿名用户,2,0,0
大太阳,2,0,0
鹿斑比,2,0,0
合姐咋整,2,2,0
匿名用户,2,0,2
娜娜愛小奶狗狗狗,2,0,0
Achen,2,0,0
匿名用户,2,0,0
李免银,2,2,0
匿名用户,2,0,1
匿名用户,2,0,2
Tinker,2,0,0
董小波,2,0,0
离域flame,2,0,0
干不死的蜜獾,2,0,0
起风了,2,0,0
匿名用户,2,0,0
莽夫,2,0,1
Zusa,2,0,1
南南子,2,2,0
匿名用户,2,0,0
匿名用户,2,0,0
李沐雨,2,0,0
匿名用户,2,0,0
匿名用户,2,0,0
yannis.阿嫣,2,1,2
匿名用户,2,0,0
照照,2,0,0
KingWhite,2,0,6
匿名用户,2,1,0
qwerty UG,2,0,1
我想改名字,2,1,0
匿名用户,2,1,0
绿谷,2,0,3
匿名用户,2,0,0
匿名用户,2,0,7
匿名用户,2,2,1
奥潤芝,2,0,0
匿名用户,2,0,2
匿名用户,2,0,0
温妮,2,0,0
chen chen,2,0,0
匿名用户,2,0,0
匿名用户,2,0,9
玖穆,2,0,2
娱乐乐不乐,2,0,0
哈里森宓子,2,0,0
旸谷,2,0,0
G1amour,2,0,1
追梦,2,0,0
东莲花村的蘑菇,4,0,3
已婚屌丝,4,0,7
刘彧,5,3,13
匿名用户,3,2,8
醉梦长安街,3,1,2
颜杲杲,3,0,1
风景,6,2,5
季佛朗,6,0,0
F22张辉,4,0,18
苦医,4,0,22
匿名用户,2,0,5
Cris Wu,2,1,0
煜君,2,1,10
匿名用户,2,1,1
匿名用户,2,0,0
贫僧自东土大唐而来,2,0,0
悦读,2,1,0
晴某,2,0,9
匿名用户,2,0,4
匿名用户,2,0,4
shshz,2,0,0
暮沉沉,2,0,1
痴情蛊,2,0,1
匿名用户,2,2,0
日照清苑,2,2,9
匿名用户,2,0,4
苏公子,2,3,1
章渊秤,2,1,3
陆子野,2,0,0
匿名用户,2,0,0
匿名用户,2,1,8
人间有格,2,0,0
飞鸟与荆棘,2,0,0
正宗橙汁5,2,0,0
Vicstar,2,0,2
鼻涕妞,2,2,2
匿名用户,2,1,6
匿名用户,2,1,6
匿名用户,3,0,5
匿名用户,3,0,9
陆一个,1,0,1
匿名用户,1,0,2
匿名用户,1,0,1
社会阿鸭,1,0,1
flingving,1,0,0
Edward Noah,1,0,0
3812,1,0,0
匿名用户,1,0,0
活在别处,1,0,1
花信,1,0,1
柯仔越,1,0,3
困到飞起的科研狗,1,0,0
匿名用户,1,0,2
宁国强,1,0,0
码痴,1,0,2
匿名用户,1,0,13
异乡人,1,0,2
李可爱呀,1,0,0
匿名用户,1,0,0
轻语,1,0,0
Kolie Pend,1,0,0
唐吉可德,1,0,0
Why Why,1,0,1
DDDDDirk,1,1,0
大漠风邪,1,0,0
林毒舌,1,0,0
匿名用户,1,0,1
XxxQ,1,1,4
白果,1,0,2
白同学,1,0,0
匿名用户,1,0,0
匿名用户,1,0,0
匿名用户,1,0,1
萌新,1,1,10
小鱼,1,0,0
万百三,1,0,0
匿名用户,1,0,1
时光淡了回忆,1,0,0
匿名用户,1,0,0
匿名用户,1,0,2
菩提心,1,0,0
匿名用户,1,0,2
旧城,1,0,0
璀璨麦卡伦,1,0,0
余磊,1,0,0
Vic枫,1,0,2
Crazy Shaw,1,0,1
匿名用户,1,0,0
匿名用户,1,0,8
李先生,1,0,4
女子无才便是德222,1,0,0
秋山美,1,0,0
王大喵,1,0,1
匿名用户,1,0,0
匿名用户,1,0,0
匿名用户,1,0,0
玖光,1,0,0
匿名用户,1,0,2
匿名用户,1,0,1
匿名用户,1,0,0
匿名用户,1,0,1
匿名用户,1,0,0
我的老婆是赌圣,1,0,0
17621562377,1,0,0
匿名用户,1,0,3
是大橙呀,1,0,3
Good Boy,1,0,1
匿名用户,1,0,4
JoyceLau,1,0,0
顽强的韭菜哥,1,1,0
人类一匹,1,0,0
匿名用户,1,0,0
匿名用户,1,0,1
匿名用户,1,0,0
Lake,1,0,0
匿名用户,1,0,1
ryan,1,0,0
奶茶味咖啡,1,0,2
陈陈陈,1,0,0
匿名用户,1,1,0
匿名用户,1,0,0
这是个很随意的iD,1,1,0
匿名用户,1,0,0
匿名用户,1,0,0
小仙女,1,0,0
匿名用户,1,0,2
匿名用户,1,0,0
单车骑士,1,0,3
小夏,1,0,0
匿名用户,1,1,0
啦啦啦,1,0,0
百年客,1,0,0
你你你你你,1,0,0
一只减肥的逗包,1,0,9
匿名用户,1,0,0
我是一只布偶猫,1,0,0
蠢布布,1,0,0
匿名用户,1,0,2
阮籍管好你家嵇康,1,0,0
安安,1,0,1
美小均0874,1,0,0
琴琴,1,0,0
荧光鸭,1,0,0
妫果,1,0,0
祸鸦之面,1,1,0
匿名用户,1,1,0
丁十六,1,0,0
匿名用户,1,0,1
西瓜君,1,1,0
Asbeer Bedivere,1,0,0
小稀饭,1,0,0
匿名用户,1,0,0
嬴明秀,1,1,0
匿名用户,1,1,0
匿名用户,1,0,1
一一,1,0,0
匿名用户,1,0,4
罗生门,1,0,0
匿名用户,1,0,0
左哼哼先生,1,0,0
匿名用户,1,0,3
小别致,1,0,0
上生星君凌狗蛋,1,0,0
匿名用户,1,0,2
普罗旺斯伯爵,1,0,0
赵倩倩,1,0,10
匿名用户,1,0,0
匿名用户,1,0,0
古怪乌龟,1,0,0
白勺的,1,0,0
匿名用户,1,0,0
匿名用户,1,0,1
奔跑的男人,1,0,0
匿名用户,1,0,1
微茗,1,0,0
匿名用户,1,0,6
842698,1,0,0
迷路时你就往前走,1,0,0
心理咨询余大果,1,0,0
蜜汁小鱼干,1,0,5
揽风,1,0,0
士汇,1,0,0
地瓜,1,0,0
赵先生的好老师,1,0,0
CeliaJ,1,0,0
努力努力再努力,1,1,1
匿名用户,1,0,2
薪姑娘,1,0,2
黄怡,1,0,0
张树宁,1,0,1
匿名用户,1,0,0
喵个咪,1,1,0
格兰芬多的宝剑,1,0,0
匿名用户,1,0,0
匿名用户,1,0,0
匿名用户,1,0,1
匿名用户,1,0,0
你在说啥嘞,1,0,0
匿名用户,1,0,0
匿名用户,1,0,0
大燕子,1,0,0
贪玩,1,0,0
浙外小仙女,1,0,0
匿名用户,1,0,7
朝华晚敷,1,0,0
匿名用户,1,0,1
豆二娘2015,1,0,0
华殇,1,0,2
蝉时雨,1,0,0
卷卷卷卷卷er,1,0,0
越努力越幸运,1,0,0
GangBan哥,1,1,0
龚建峰,1,0,0
风度,1,0,0
匿名用户,1,0,0
冰拳 托克,1,0,1
匿名用户,1,0,2
匿名用户,1,0,1
coof miro,1,0,1
有志青年小王,1,0,0
匿名用户,1,0,6
坚壳种子,1,0,0
改不改,1,0,0
李尔,1,0,0
梅子,1,0,5
Blackhamburger,1,0,0
枯墨,1,0,1
周二苗,1,0,0
宸宸Millie,1,0,0
匿名用户,1,0,0
匿名用户,1,1,3
默忆丶,1,0,0
Torchiam和铜蜻蜓,1,0,2
匿名用户,1,0,0
高兴,1,0,0
筱筱,1,0,0
且听风吟,1,0,0
匿名用户,1,0,1
燕疆登封子,1,0,0
猫猫巨人吖,1,0,2
我不是琪琪,1,0,9
匿名用户,1,0,0
刘焕福,1,1,1
匿名用户,1,0,3
Crystal,1,0,0
叶子,1,0,0
匿名用户,1,0,2
暖阳春草,1,0,0
匿名用户,1,0,4
匿名用户,1,0,7
说说,1,0,0
Iconoclast,1,0,0
小林,1,0,2
匿名用户,1,0,0
绅士的品格,1,0,1
匿名用户,1,0,3
洁茜,1,0,2
匿名用户,1,0,0
azraelhook,1,0,0
匿名用户,1,0,2
匿名用户,1,0,0
匿名用户,1,0,0
陆李曾,1,1,3
楚门,1,0,0
liuka,1,0,0
疯癫的大白猫,1,0,0
申荣家懂小姐,1,0,0
夏天,1,0,0
喵七七,1,0,0
鱼尾巴,1,0,0
粗旷汉子少女心,1,0,1
匿名用户,1,0,6
慎独,1,0,0
匿名用户,1,0,0
匿名用户,1,0,0
当时明月,1,0,0
匿名用户,1,0,4
缪奉孝,1,0,0
一树梨花压海棠,1,0,0
泥法子,1,0,0
匿名用户,1,0,1
Z安宁,1,0,0
知立,1,0,0
匿名用户,1,0,0
匿名用户,1,0,0
见异思迁的稻草,1,0,1
哀皑,1,0,2
匿名用户,1,0,1
奇迹de再现,1,0,3
Kiki,1,0,0
匿名用户,1,0,0
匿名用户,1,0,1
风君子,1,0,0
懒猫爱吃鱼,1,0,0
匿名用户,1,1,6
Livia,1,0,1
红镜子,1,0,1
安东二小姐,1,0,0
饮歌,1,0,1
匿名用户,1,0,2
郝铭,1,0,0
风天释云生,1,0,0
曹大山,1,1,0
取次花丛懒回顾,1,0,0
18看个球,1,0,0
无所谓起什么,1,0,0
印象风,1,0,0
肖BB,1,0,0
匿名用户,1,0,0
苏漾,1,0,0
匿名用户,1,0,0
裴叙,1,0,0
黯香,1,0,1
匿名用户,1,0,0
匿名用户,1,0,0
云自摇,1,0,1
半仙猫叔,1,0,0
诚熟勇敢GrwUpBeB,1,0,0
享受孤独丶,1,0,2
匿名用户,1,0,6
13322922475,1,0,0
繁花落景,1,0,0
匿名用户,1,1,9
艾森仕,1,0,1
蘑菇蘑菇爆炸菇,1,0,1
筷筷,1,0,0
匿名用户,1,0,0
留大锤,1,0,0
匿名用户,1,0,2
可知不乎,1,0,0
赵林,1,0,0
sunmin,1,0,3
金钩彪,1,0,4
荀南,1,0,0
重影,1,0,0
逗豆,1,0,1
mawto,1,0,1
痴恩,1,0,3
匿名用户,1,1,0
依上弦月,1,0,0
知小学,1,0,0
承蒙你的出现,1,0,0
旷野,1,0,0
伯安,1,0,0
丁丁ber,1,0,0
徐徐啊,1,0,1
赫卡提亚,1,0,0
流刃之雪,1,0,0
aa1351868,1,0,0
日月明,1,0,0
寻找一切估值的真理,1,0,0
匿名用户,1,0,0
双子星的撒卡,1,0,0
匿名用户,1,0,0
匿名用户,1,0,12
莉莉大魔王,1,0,0
苏木各,1,1,3
匿名用户,1,0,2
午夜飞行,1,1,0
画地为牢,1,0,1
七七,1,0,4
胡臣,1,0,0
风马旗,1,0,0
冲动的小熊,1,0,1
南下专线,1,0,0
奶萌兔的守护人,1,1,8
匿名用户,1,0,0
十七岁,1,0,0
龙之介140的人了,1,0,0
小柒哟,1,1,0
桔子,1,0,0
叶子会飞噢,1,0,3
匿名用户,1,0,0
weejong,1,1,0
杨扬,1,3,4
匿名用户,1,0,2
匿名用户,1,0,0
匿名用户,1,0,0
Big笑,1,0,0
梨子圆,1,0,11
十二少维克多,1,0,0
画地图的厨子,1,0,0
杨暮语,1,0,0
匿名用户,1,0,0
叶厚辉,1,0,0
少女诱惑力丆,1,0,2
Lillian Wang,1,0,0
东方神棍,1,0,0
匿名用户,1,0,1
花狗,1,0,0
21和14,1,0,0
匿名用户,1,0,1
匿名用户,1,0,0
匿名用户,1,0,5
X-ray,1,0,0
小林先生,1,1,0
mary juary,1,0,0
Libra,1,0,0
匿名用户,1,0,0
匿名用户,1,0,1
无言,1,0,0
匿名用户,1,1,3
匿名用户,1,0,0
匿名用户,1,0,0
孙加军,1,0,0
匿名用户,1,0,0
梦梦梦梦梦,1,1,0
匿名用户,1,0,0
老龚,1,1,0
匿名用户,1,0,0
匿名用户,1,0,0
匿名用户,1,0,0
匿名用户,1,0,0
苏乂乂,1,1,0
风的语云的画,1,1,0
匿名用户,1,0,14
匿名用户,1,0,1
匿名用户,1,0,24
annn,1,0,0
笠霂,1,0,0
LASZ Ning,1,0,1
匿名用户,1,0,0
不溜小桂,1,0,1
夏侯王兆,1,0,1
匿名用户,1,0,2
匿名用户,1,0,0
Rhine,1,0,0
MissCookie,1,0,0
匿名用户,1,0,0
匿名用户,1,0,0
Silvia,1,0,0
塔西佗之影,1,0,0
葛起名,1,2,0
Imelsa,1,1,0
PoppyChen,1,0,0
爬山狐,1,0,0
匿名用户,1,0,2
匿名用户,1,0,0
匿名用户,1,0,7
阿拉斯加耸耸肩,1,0,0
叮叮猫不是猫,1,0,0
大虚中年少女,1,0,0
三观输出家,1,0,0
匿名用户,1,0,4
匿名用户,1,0,2
谢呆呆,1,0,0
monian大虫,1,0,0
匿名用户,1,0,8
唐嘉嶷,1,0,1
瘿罍,1,0,0
匿名用户,1,0,1
溯光,1,0,0
小苏向前冲,1,0,0
录人,1,0,0
元宝,1,1,2
西城,1,0,0
CHARLIE,1,0,0
匿名用户,1,1,5
婉儿最棒啦,1,1,20
匿名用户,1,1,0
BLACK FISH,1,0,0
匿名用户,1,1,0
我最美,1,0,0
咕噜咕噜,1,0,0
匿名用户,1,0,0
Tigerlily,1,0,1
旨因,1,0,1
皆是虚情假意,1,0,0
南风知我意,1,0,0
匿名用户,1,0,0
多啦安梦,1,0,0
红袖,1,0,1
sinux,1,0,1
匿名用户,1,0,0
rebeccalv,1,0,0
匿名用户,1,0,0
匿名用户,1,0,0
向前,1,0,0
杨家卫,1,0,0
匿名用户,1,0,8
甚谷悠悠,1,0,1
叶晓辉,1,0,0
匿名用户,1,0,0
匿名用户,1,0,1
帮清购物车,1,0,0
法厄同,1,0,0
雨季不会再来,1,0,0
鲸落,1,0,0
WHITE,1,0,0
污空,1,0,0
Silen Smith,1,0,0
青年Vivien,1,0,0
西瓜VS番茄,1,0,0
易水河,1,0,0
糊涂小补丁怪,1,0,0
匿名用户,1,0,3
douzidaodao,1,0,1
匿名用户,1,0,4
圆圆脸,1,0,0
小内裤的尽头,1,1,1
李蕴智,1,3,0
变脸,1,0,0
Samuel,1,0,0
东京麽爱情故事,1,0,1
匿名用户,1,0,4
匿名用户,1,0,0
倾之杰,1,0,0
匿名用户,1,0,13
不要告诉别人我是仙女,1,0,0
匿名用户,1,1,2
巴扎黑,1,0,1
伊森亨特,1,0,0
匿名用户,1,0,2
匿名用户,1,0,1
龙龙哥,1,0,0
grace GAO,1,0,1
匿名用户,1,0,0
[已重置],1,0,0
装卸工,1,0,0
绿梳姑娘,1,0,0
大老虎嗷嗷,1,1,0
匿名用户,1,0,0
淡苑,1,0,0
MIRROR,1,0,0
扇小迪,1,0,1
孤独的狼,1,0,0
黛梨花,1,0,1
匿名用户,1,0,0
匿名用户,1,0,3
匿名用户,1,0,1
山风,1,0,5
沉沦,1,0,1
里也,1,0,0
郭晗劢,1,0,0
一生疯狂,1,0,1
开飞机的舒克,1,0,0
匿名用户,1,0,0
匿名用户,1,0,0
匿名用户,1,0,9
张百万,1,1,4
峨眉依旧,1,2,0
匿名用户,1,0,0
WhisperWang,1,0,2
吴军,1,0,0
青山,1,1,0
匿名用户,1,1,1
星野Alice,1,0,1
花隐散人,1,0,0
林佳期,1,0,0
赖昕,1,0,0
Sayonara,1,0,0
暖丶,1,0,1
故态复萌,1,1,0
蛋妹纸,1,0,0
小檗碱,1,0,0
曹了然,1,0,0
WHOAMI,1,0,0
匿名用户,1,0,0
阿阿小毛,1,0,2
张千万,1,0,0
老玉米,1,0,0
一介书生总性呆,1,0,0
匿名用户,1,0,1
最咸的那条鱼,1,0,2
匿名用户,1,0,11
沐焰,1,0,0
少语,1,0,1
夏娥武汉欧,1,0,0
匿名用户,1,0,0
Miss毛,1,1,0
萌知痴痴,1,0,1
一闪一闪亮晶晶,1,0,0
黄梓燊,1,1,0
匿名用户,1,0,17
酥盐,1,1,0
justsoso shou,1,0,0
匿名用户,1,0,0
熊无敌,1,0,1
哈哈哈,1,0,0
长颈鹿鹿鹿,1,1,0
匿名用户,1,1,5
匿名用户,1,0,4
匿名用户,1,0,0
匿名用户,1,0,0
weui,1,1,0
陈贝,1,0,0
禾心水,1,1,0
匿名用户,1,1,1
zhqlin,1,1,0
匿名用户,1,0,3
吖吖,1,0,1
只会拉稀,1,0,2
古斯塔夫109,1,0,0
假装很淡定,1,0,0
Blue Simon,1,0,0
教皇,1,0,0
杨二,1,0,0
匿名用户,1,0,0
匿名用户,1,0,5
东北深山的偶蹄兽,1,0,0
云里的游鱼,1,0,0
虾皮,1,0,0
世界属于三体,1,0,0
皮卡,1,0,0
风哭,1,0,2
程启欣,1,0,1
红笺已无色,1,0,0
匿名用户,1,1,0
驽马1990,1,0,0
匿名用户,1,1,1
haolin he,1,0,0
不思量,1,0,0
装睡的人,1,0,0
梁曦,1,0,0
杨丽穗,1,0,0
嘻呱霜,1,0,0
匿名用户,1,0,0
george chang,1,1,1
程澄,1,0,0
叶小花,1,0,0
匿名用户,1,0,0
lusia,1,0,5
匿名用户,1,0,0
卖姐姐的小衣服,1,0,2
eewx,1,0,0
匿名用户,1,0,0
一路走来,1,0,2
我们谭谭,1,0,1
暖暖,1,0,1
星辰的跳动是爱,1,0,0
小王子的玫瑰花,1,0,0
若水,1,0,2
潘达姆,1,0,0
污喵喵,1,0,0
吟游诗人爱丽丝,1,0,0
金晓呀,1,0,7
匿名用户,1,0,0
雪儿,1,0,0
宿植德本,1,0,1
老可爱,1,0,4
匿名用户,1,0,0
匿名用户,1,0,5
匿名用户,1,0,0
Johan Scherzo,1,0,0
未完待续,1,0,0
匿名用户,1,0,0
hyn,1,0,0
濮亚军,1,0,0
匿名用户,1,0,0
格子路,1,0,0
Abbey,1,1,0
匿名用户,1,0,1
匿名用户,1,0,0
梁潇生,1,1,0
尖叫的仓鼠,1,0,3
Jein,1,0,0
swag,1,1,0
刘晓龙,1,1,0
匿名用户,1,0,0
陈冠喜,1,0,2
黛西,1,0,0
匿名用户,1,1,3
匿名用户,1,0,1
freedom,1,0,0
bimmerWin,1,0,0
小菜鸟,1,0,0
风谷599,1,0,0
冰儿呐,1,0,0
平定粉碎者,1,0,0
猎头老王,1,1,0
融小漓,1,2,0
安培的安安,1,0,0
Angelabiubiu,1,0,0
Olga,1,0,0
午后的阳光,1,0,0
邓奇勋,1,0,0
匿名用户,1,0,0
傅小婧,1,0,0
零零,1,0,0
匿名用户,1,0,0
李鹏,1,2,0
陈简,1,0,0
蓝色潜水艇,1,0,0
匿名用户,1,2,0
猪梨,1,0,0
紫烟,1,1,0
谭歆,1,0,2
吃好睡好多看书,1,1,0
廖婷玉,1,1,0
Lovey,1,0,1
匿名用户,1,0,0
王春泰,1,0,0
郭溪林,1,0,0
Kenny ZHANG,1,0,0
麦兜兜兜啦,1,0,0
烧焦小羽毛,1,0,0
苏止悠famous,1,1,3
刘海涛,1,0,0
红炉夜雪,1,1,0
轩辕昆仑,1,0,0
匿名用户,1,0,2
武大鳏人脱了团,1,2,0
Chester Lin,1,2,0
cool ice,1,0,0
匿名用户,1,1,0
匿名用户,1,1,0
心嗅,1,1,0
匿名用户,1,2,0
Yue Luna,1,1,0
葉蜀黍,1,2,0
匿名用户,1,0,0
匿名用户,1,0,0
摇曳,1,1,0
崔巍,1,0,0
孙苏新,1,0,1
刘乐乐,1,0,0
匿名用户,1,1,0
如是我闻,1,2,3
匿名用户,1,1,1
张荷,1,1,0
匿名用户,1,0,0
戴威,1,0,0
charlie squall,1,1,1
Xi Leon,1,1,1
潘金洁琼,1,0,0
杨帆,1,1,0
黛西,1,0,0
匿名用户,1,1,0
王一一,1,0,0
千靥,1,0,4
慕夏丶,1,0,0
撄宁圆圆,1,0,0
刘静好,1,0,0
匿名用户,1,0,0
匿名用户,1,1,0
twilight,1,1,0
张晨晓,1,0,0
匿名用户,1,0,0
萧大侠,1,0,0
金屬材人,1,1,0
匿名用户,1,0,1
匿名用户,1,0,4
追赶跑跳碰,1,0,0
赵佑泽,1,0,0
逗比中的战斗机,1,0,0
澹容,1,0,0
cadet,1,0,0
匿名用户,1,0,0
兔八哥,1,1,1
匿名用户,1,0,0
烽烟,1,0,1
一丸白,1,0,0
徐爽,1,0,0
匿名用户,1,0,0
匿名用户,1,0,5
momomo,1,0,0
爱喝水的cc,1,0,0
林同学,1,0,2
nozuonodie,1,0,0
王周天子,1,0,0
云雁卉,1,0,1
默邱,1,0,0
许晋轩,1,1,2
孔涛罗,1,0,2
麒麟瓜,1,0,0
匿名用户,1,0,0
匿名用户,1,0,0
爽爽的贵阳,1,0,0
匿名用户,1,0,0
匿名用户,1,0,0
晴天散步的猪,1,0,0
范大千,1,0,0
石乐志,1,0,0
周周,1,0,0
宁学平,1,0,0
哦哦哦,1,0,12
GYGY,1,0,0
yz215,1,0,0
马羽,1,0,0
黄斌,1,0,0
小小兵,1,0,0
匿名用户,1,0,3
匿名用户,1,0,0
童泽平,1,0,0
Anthony wu,1,0,3
宋彦哲,1,0,0
匿名用户,1,0,0
匿名用户,1,0,1
陈吉思汗,1,0,0
繁华大道一直下雨,1,0,0
云欢小说,1,1,2
匿名用户,1,0,0
李琴琴,1,0,0
林西楼,1,0,0
汪澜,1,0,0
吴楠,1,0,1
Lucia Yan,1,0,0
一个资深做账的,1,0,0
匿名用户,1,1,0
柚子姑娘,1,0,0
谁知道呢,1,0,1
十三媸,1,0,0
不想回疯人院,1,0,0
子云,1,0,1
姓欧名萌字哈哈,1,1,0
文成杨,1,0,0
陈巍,1,1,0
闷瓜也有春天,1,0,0
李青,1,0,0
不想哭,1,2,2
侯放心,1,0,0
我是神,1,0,0
Square Tsou,1,0,0
匿名用户,1,1,4
青萍风起,1,0,3
家住朝阳区袁师傅,1,0,0
当年明月今安在,1,1,0
赵子龙,1,0,0
匿名用户,1,2,1
高知书,1,0,0
蓝断旧,1,1,5
匿名用户,1,0,0
匿名用户,1,0,0
閒花落地,1,1,0
StephenCQ,1,0,0
阿莫,1,0,0
匿名用户,1,0,0
匿名用户,1,0,1
李扶摇,1,3,2
顾盼笙花,1,0,0
王天元,1,0,0
匿名用户,1,2,0
练达,1,0,0
小受护酱QAQ,1,0,0
昌维,1,0,0
苏麻离青荣,1,0,0
魔芋,1,0,0
yeliex,1,0,0
如意娘,1,0,0
Ju Moon,1,0,0
ccn控,1,1,0
罗曼琳,1,1,2
无忌,1,0,4
匿名用户,1,1,0
夏夏夜,1,0,0
吕大发,1,0,0
奥秘,1,0,0
米斯托吴,1,0,0
秋秋,1,1,0
匿名用户,1,0,3
匿名用户,1,0,0
匿名用户,1,0,0
墙上的向日葵,1,1,0
匿名用户,1,0,0
千屈,1,1,8
张腚腚,1,0,0
韩笑,1,3,5
里盼,1,0,0
大西瓜,1,0,0
黑骨头教父,1,1,0
阿怪,1,0,0
Lelow,1,1,0
匿名用户,1,1,9
ShenH,1,0,0
紫苏,1,0,9
欧阳铁锤,1,0,0
白过,1,0,0
海丞相,1,0,0
Sharpay,1,1,0
图寒,1,0,0
匿名用户,1,0,0
常大笑,1,1,0
李旭东,1,0,0
梦里什么都有,1,0,0
匿名用户,1,0,0
陆匹夫,1,0,0
王炜松,1,0,2
肖肖,1,1,0
图样,1,0,0
杨陶陶,1,0,0
吴大可,1,0,0
鬼谷阴阳,1,0,0
匿名用户,1,0,0
匿名用户,1,0,2
匿名用户,1,0,0
匿名用户,1,0,0
匿名用户,1,0,1
陈三岁,1,0,0
燕歌,1,2,0
弗罗斯特,1,0,0
Mermaidry,1,0,0
者也,1,0,0
心理邦创业学院,1,0,0
于兴雷,1,0,0
王恩泽,1,0,0
路小贝,1,0,0
鸽子蛋,1,0,0
猫饭,1,1,0
雨霖铃,1,0,0
Akrasia,1,0,0
杨广,1,0,0
韩默,1,1,0
禾呈提扯,1,1,1
便是晴天是尹致远,1,0,0
李开言,1,2,1
AiolosM,1,1,2
周黎,1,0,0
礼物青青,1,0,0
小云爱吃饼,1,0,0
匿名用户,1,0,1
徐大伟,1,0,0
王昊昇,1,1,0
野百合,1,1,0
喵喵,1,2,3
匿名用户,1,0,0
周建振,1,0,0
匿名用户,1,0,0
囱哥,1,0,0
匿名用户,1,0,3
匿名用户,1,0,0
匿名用户,1,1,0
匿名用户,1,0,1
匿名用户,1,0,3
匿名用户,1,1,0
匿名用户,1,0,1
匿名用户,1,0,0
匿名用户,1,0,0
匿名用户,1,0,0
imMaso,1,0,0
匿名用户,1,0,0
刘硕,1,0,0
温衡,1,0,0
匿名用户,1,0,1
匿名用户,1,0,0
老猫,1,0,0
一一狗狗,1,0,2
Felix,1,0,2
vhfyf,1,1,0
匿名用户,1,0,0
楚辞苍茫,1,0,0
张张,1,0,0
你的甜甜圈到了,1,0,0
小Vooooooo,1,0,0
包拉拉,1,0,4
陌上花不开,1,0,0
狂奔的西伯利亚雪橇狗,1,1,0
匿名用户,1,1,4
匿名用户,1,0,0
柳絮飞,1,1,0
匿名用户,1,0,0
馬懿,1,0,0
荼枔,1,0,0
匿名用户,1,1,5
浩渺星云,1,0,0
匿名用户,1,0,4
匿名用户,1,0,1
Jack Gao,1,0,0
别邀请想答会自答,1,0,0
睢尔,1,0,0
一叶障目,1,0,0
曦白,1,0,0
匿名用户,1,0,0
匿名用户,1,0,2
匿名用户,1,0,5
路痴,1,0,0
萧白,1,0,0
正义小源源,1,0,0
苏梵,1,0,0
赫连贱贱,1,0,1
酸豇豆二狗,1,0,0
fall哈哈哈,1,0,0
凹凸,1,0,4
Leetrue,1,0,0
Monster,1,0,0
匿名用户,1,0,0
匿名用户,1,0,3
nishida js,1,0,2
匿名用户,1,0,0
Rely,1,0,0
斜阳入梦,1,0,0
依曦,1,0,1
都是普通人罢了,1,1,0
匿名用户,1,0,0
匿名用户,1,0,0
一口芒果酱,1,0,0
Litchi,1,0,0
破晓的余晖,1,0,0
肩上的星河,1,0,1
匿名用户,1,0,0
想太多先森,1,1,0
桀骜奇葩,1,0,0
毯毯毯毯,1,0,0
psh,1,0,2
youngslovski,1,0,2
摩旅患者,1,0,0
丸子大胖,1,0,0
灼灼,1,1,11
匿名用户,1,1,6
涵椽,1,0,0
路人甲,1,0,0
最可怕的是愚昧,1,0,1
王飞猫,1,0,0
小唯,1,0,5
Lee Jade,1,2,3
小小编,1,0,0
贾公,1,0,0
奇特的代码,1,0,0
匿名用户,1,0,5
长成沙漠玫瑰,1,0,0
Trouble Maker,1,0,0
匿名用户,1,3,6
Elizabeth伊,1,0,0
sunlight,1,0,1
圣光出鞘,1,0,0
嘿了个嘿,1,0,0
水木清华,1,0,0
墨林,1,0,0
李真萌,1,2,1
小哪吒,1,0,0
Elizabeth,1,0,0
匿名用户,1,0,0
moist,1,0,0
匿名用户,1,0,0
天煞孤星coc的迷弟,1,0,1
阿醇,1,0,0
冢虎,1,0,0
曼玉嘉玲李嘉欣,1,0,0
匿名用户,1,0,4
小老虎我很想你,1,0,0
无知者,1,0,0
哈啊哈,1,0,0
Princess渲,1,0,0
匿名用户,1,0,5
Dogviller-Neko,1,0,0
匿名用户,1,0,0
蓉蓉,1,0,2
Joker,1,1,0
匿名用户,1,0,1
逸辰,1,1,0
匿名用户,1,0,0
衬衫控来之不易,1,0,0
有机菜花,1,0,0
光头帅妹子i,1,0,1
light,1,0,0
77ss,1,0,0
shashalula,1,0,1
徐跳跳,1,0,0
崆牧,1,0,0
大宇宙的命运术,1,0,0
疯癫的王二狗,1,0,0
匿名用户,1,1,21
匿名用户,1,0,0
森冉,1,0,0
异角三角函数,1,0,1
匿名用户,1,0,0
西瓜好甜喂,1,0,0
匿名用户,1,0,0
琴瑟静好,1,0,0
匿名用户,1,0,10
Carolas,1,0,0
匿名用户,1,0,0
茫人,1,0,0
脸上笑嘻嘻,1,0,3
啪叽一声,1,0,0
萧拂雪,1,0,0
匿名用户,1,0,0
求知求实,1,0,2
单雅茹,1,0,0
梨子,1,0,0
jczqbu,1,0,0
匿名用户,1,0,2
悠嘻,1,0,0
清许,1,0,1
脸皮厚一光年,1,0,0
歪理邪说,1,0,0
匿名用户,1,0,2
匿名用户,1,0,3
哈哈,1,0,0
匿名用户,1,0,7
王重阳,1,0,0
秋山酱,1,0,1
纪繁希,1,0,2
匿名用户,1,0,0
高太,1,0,0
赋灵草,1,0,0
熊大婷,1,0,0
自由人,1,0,0
木白,1,0,0
张鱼,1,0,0
黑纸白字,1,0,0
你家门前的流浪猫,1,0,0
路萌萌,1,0,0
阿阮,1,0,0
哈斯塔,1,0,2
一只大白狗,1,0,0
寨主,1,0,0
郝新雨,1,0,0
蕙芷,1,0,0
叫大白兔的糖果,1,0,0
小丫么,1,0,0
持枢,1,0,0
空思,1,0,0
匿名用户,1,0,0
鱼人空手道,1,0,1
尹霄汉,1,0,0
jennydingjie,1,0,0
半途而立,1,0,1
季望秋,1,0,0
soul mate,1,0,0
匿名用户,1,0,0
信仰加持,1,0,0
匿名用户,1,0,4
翰林街的犬儒,1,0,0
一半一半,1,1,0
匿名用户,1,2,5
陕西第一菜鸡,1,0,2
人称半仙,1,0,1
poison,1,0,0
鳪丯,1,0,0
当枫叶红了丶,1,0,0
匿名用户,1,0,1
哈哈哈哈,1,0,0
匿名用户,1,0,1
匿名用户,1,0,0
熊熊,1,0,0
藤壶,1,0,1
胡短腿,1,0,0
匿名用户,1,0,0
徐渭诚,1,0,0
匿名用户,1,0,0
匿名用户,1,0,9
匿名用户,1,1,1
将返回,1,0,0
大曼儿,1,0,0
匿名用户,1,0,0
红色的鲸鱼,1,0,0
匿名用户,1,0,0
Accetoi,1,0,1
徐咏丹,1,0,1
大烟枪,1,0,0
匿名用户,1,0,0
刘德华,1,0,0
傻x兮兮,1,0,0
陈子离,1,0,0
李巴巴,1,0,0
魏wifi,1,0,0
老街,1,0,0
Serentipity,1,0,0
你猜,1,0,0
匿名用户,1,0,1
potatoroom,1,0,0
匿名用户,1,0,0
大熊,1,0,0
大喵爹,1,0,0
匿名用户,1,0,0
豆奶Osm,1,0,4
匿名用户,1,0,2
还好吗嗯,1,0,0
小鸣好学,1,0,0
啊啊啊啊啊啊,1,0,1
白衣柳相,1,0,1
Willow Xu,1,3,0
匿名用户,1,0,0
Andy Lei,1,0,0
木子兮兮,1,2,0
宋青瑟,1,0,0
赵小倩,1,0,0
彼岸小棠,1,1,0
匿名用户,1,1,0
东方雪娇,1,0,0
风语,1,1,1
匿名用户,1,0,1
匿名用户,1,0,0
匿名用户,1,0,2
虚极静笃,1,0,0
匿名用户,1,0,1
高三七班 陈同学,1,0,0
匿名用户,1,0,2
詹尼,1,0,0
不想取名称,1,0,0
谁都可爱过,1,0,0
西决,1,0,0
喔茶,1,1,0
夏天,1,0,0
匿名用户,1,0,0
岁晏岁迷糊,1,1,0
匿名用户,1,2,3
喜欢狗子渣渣,1,1,0
匿名用户,1,0,6
春风得意,1,0,0
匿名用户,1,0,1
施罗德的罗缀,1,0,0
匿名用户,1,0,1
匿名用户,1,1,0
洒家有话说,1,0,0
撸神之手,1,0,0
往往,1,0,0
夏目贵志,1,0,1
匿名用户,1,0,1
匿名用户,1,0,4
箴言,1,0,0
Stinson,1,0,0
假装是枚软妹纸,1,0,0
花沫,1,0,2
一花一世界,1,0,0
石子,1,0,4
禅心,1,0,0
徐凯琪,1,1,0
代琪,1,0,1
苏燃,1,0,0
匿名用户,1,0,0
匿名用户,1,0,0
闲闲秋月,1,0,1
ccdj,1,0,0
闲人,1,0,1
Eden,1,0,0
匿名用户,1,0,4
匿名用户,1,1,7
林斯悢丶,1,0,0
JevalZhong,1,0,0
梅梅哥哥就是我,1,0,1
匿名用户,1,0,0
王包子啦啦啦,1,0,0
匿名用户,1,0,2
匿名用户,1,0,2
匿名用户,1,0,1
七月南瓜灯,1,0,4
windream,1,0,0
匿名用户,1,0,12
丁半仙儿,1,0,2
1118,1,0,0
休鱼,1,0,0
匿名用户,1,0,0
灯光师,1,0,0
感情的博主,1,0,0
匿名用户,1,0,0
许雨,1,0,0
温少,1,0,1
每天都在家里玩,1,0,1
匿名用户,1,1,1
djndv,2,0,2
杜蘅,2,0,2
Sonnig Regen,2,0,0
匿名用户,2,0,8
迷男情感,2,1,1
MillsPamelaDe.Sun,3,0,4
匿名用户,10,12,19
奈奈,2,0,0
许丰泽,2,0,1
吉他与刀,1,0,0
匿名用户,1,0,0
匿名用户,1,0,5
重庆陈正,1,0,1
匿名用户,1,0,2
cusack john,1,0,0
刘嘉蓝,1,1,1
周粮粮,1,0,1
匿名用户,1,0,0
匿名用户,1,1,3
仝酱丸,1,0,7
匿名用户,1,0,0
匿名用户,1,0,5
匿名用户,1,0,15
紫宝,1,0,1
匿名用户,1,0,3
思思,1,1,0
王大拿,1,0,0
匿名用户,1,0,1
匿名用户,1,0,0
无畏,1,0,1
limate,1,1,6
爱风月也爱风尘,1,1,34
Melissa,1,1,0
伊凡,1,0,0
Man Ching,1,0,1
叫什么好呢,1,0,0
上善若水,1,1,0
王宗闻,1,0,0
匿名用户,1,0,2
匿名用户,1,0,0
姜元昊,1,0,2
匿名用户,1,0,0
问君,1,0,0
秦淮,1,0,0
傅仑,1,1,1
秦明,1,0,0
蟑狼,1,0,0
Sergei Shoigu,1,0,9
樊浩,1,0,0
激流,1,0,0
匿名用户,1,1,0
安妮,1,1,0
素还真,1,0,0
猫奶,1,0,0
资源小说,1,0,0
巴拉巴拉,1,1,0
于光远,1,0,0
匿名用户,1,0,4
醉拳甘乃迪,1,0,1
食蛙瘦,1,0,1
董佳,1,0,0
谢春秋,1,0,0
一代美男,1,0,0
匿名用户,1,0,14
宇宙潜规则,1,0,0
黑白代,1,0,0
踯躅香消半,3,0,7
粟兵,0,0,0
鲢鱼,0,0,0
匿名用户,0,0,1
夜猫子,0,0,0
云隐霸天下,0,0,0
匿名用户,0,0,0
下架下得好,0,0,0
宁静随心,0,0,0
淼鑫,0,0,1
加油云云,0,0,0
Jason,0,0,0
戴昕,0,0,0
安对志龙,0,1,0
匿名用户,0,0,0
刀截剑,0,0,0
昊天,0,0,0
匿名用户,0,0,0
begin,0,0,0
南焱之说,0,0,0
之乎者也,0,0,0
我家的表叔,0,0,0
fireye,0,0,0
陡峭与晴天,0,0,0
肖申克伯爵,0,0,0
爱火锅爱生活,0,0,0
宴之敖者,0,0,1
隔壁老王,0,0,0
匿名用户,0,0,0
匿名用户,0,0,0
瓶子,0,0,0
魔稻祖师袁隆平,0,0,0
匿名用户,0,0,0
德芙粘牙,0,0,0
Noodles Zhao,0,0,1
匿名用户,0,0,0
CyouMaii,0,0,0
燕郊小萌主,0,0,1
沉阿萌,0,0,0
匿名用户,0,0,0
一芸,0,0,0
Ice Raven,0,0,0
月月,0,0,0
kaka2008,0,0,0
匿名用户,0,0,0
第二炮半价,0,0,0
乔乔阿姨,0,0,0
女情18,0,0,0
某某君,0,0,0
郑建辉,0,0,0
所谓,0,0,0
泉391,0,0,0
匿名用户,0,0,0
匿名用户,0,0,0
匿名用户,0,0,0
月月,0,0,0
iWorker,0,0,0
甄宓纯高端原创羊绒,0,0,0
匿名用户,0,0,0
匿名用户,0,0,0
晶野,0,0,0
Hmiya,0,0,0
Heaven,0,1,1
Sylar,0,0,0
猴头菌,0,0,0
狗子纯,0,0,0
拖拉机,0,0,0
烟花一场经不起荒凉,0,0,0
法宝,0,0,0
河流,0,0,0
隨性,0,0,0
匿名用户,0,0,0
幻想国度,0,0,0
血小板,0,0,0
尛简,0,0,0
小灰灰,0,0,0
匿名用户,0,0,0
匿名用户,0,0,0
水又二一,0,0,0
叶孟清,0,0,0
向小鬼,0,0,0
窗帘外的小蚊子,0,0,0
2014,0,0,1
Gamoer,0,0,0
唉呦喂,0,0,1
高屋建瓴,0,0,0
丫丫就是我,0,0,1
刘sir,0,0,0
匿名用户,0,0,0
匿名用户,0,0,0
无花,0,0,0
大魔法师,0,0,0
北境之王罗柏史塔克,0,0,0
匿名用户,0,0,0
Sophia,0,0,0
Sheng Chang,0,0,0
匿名用户,0,0,0
匿名用户,0,0,0
木木木小叶,0,0,0
匿名用户,0,0,0
猫宠,0,0,0
水中大鱼,0,0,0
鏡若离,0,0,0
少女与猫,0,0,3
曳雾霄之轻裾,0,0,0
不暴躁的老哥,0,0,0
背着棺材起舞,0,0,0
匿名用户,0,0,2
匿名用户,0,0,0
匿名用户,0,1,9
匿名用户,0,0,0
之乎者也,0,0,0
匿名用户,0,0,0
cherry,0,0,0
听说,0,0,0
星晴,0,0,0
虎虎打铁,0,0,0
千帆,0,0,0
世间始终你好,0,0,0
匿名用户,0,0,0
Agay,0,0,0
hkyuo,0,0,0
匿名用户,0,0,0
大卫东,0,0,0
归二,0,0,0
难画青衣青衫客,0,0,0
漫画家,0,0,0
是是非非,0,0,0
lilian,0,0,0
拾光,0,0,0
魏厚庭,0,0,0
kumo31,0,0,0
Ehend,0,0,0
人还是傻好,0,0,0
plmlzyt,0,0,0
岚小羽,0,0,0
兔子,0,0,0
也好,0,0,0
水市水原,0,0,0
啦啦啦卖报啦,0,0,0
喵主子,0,0,0
匿名用户,0,0,0
不灵则灵,0,0,0
小二,0,0,0
匿名用户,0,0,0
匿名用户,0,0,1
匿名用户,0,1,0
天下有雪,0,0,0
许三观,0,0,0
小包吃大包,0,0,0
光军,0,0,0
何殊,0,0,0
monica,0,0,0
一凡,0,0,0
张雪莹,0,0,0
陆余生,0,0,0
vanner,0,0,0
然后,0,0,0
江湖一书生,0,0,0
世外喵星人,0,0,1
水里云外,0,0,0
什么卿,0,0,0
萤火,0,0,0
正义的未来,0,0,0
sotter,0,0,0
kakakakahh,0,0,0
好吃的小鱼仔,0,0,0
未来,0,0,0
匿名用户,0,1,5
舞梦云,0,0,0
青春ing,0,0,0
语歆,0,0,0
理性,0,0,0
游子观苍生,0,0,0
彭玉麟,0,0,0
爱是一道绿光,0,0,0
dream cold,0,0,0
匿名用户,0,0,7
匿名用户,0,0,0
raine yuan,0,0,0
唐飞花,0,0,0
我真练过喔,0,0,0
醉喵梦鼠,0,0,0
琥珀小虾,0,0,0
旭日东升,0,0,0
腰是王道,0,0,0
匿名用户,0,0,0
绫雨檀,0,0,0
周周,0,0,0
人间客丶,0,0,0
在城崎,0,0,0
范逸超,0,0,0
笑看风云起,0,0,0
别推荐装逼的给我,0,0,0
佐鼬为难,0,0,0
一竹一丝一纸鸢,0,0,0
匿名用户,0,0,0
猪蹄心,0,0,0
心头眉头,0,0,0
阿文啊,0,0,0
匿名用户,0,0,0
汪萌,0,0,0
北海,0,0,0
喜欢,0,0,0
弓长张,0,0,0
哈哈哈,0,0,0
良人不淑丶,0,0,0
zen sharon,0,0,0
不谢,0,0,0
七五热,0,0,0
鰷鱼之乐,0,0,0
热巴的法学森,0,0,0
腹肌大师,0,0,0
匿名用户,0,0,1
探索发现,0,0,0
钱隆,0,0,0
龙哥哥,0,0,0
自由行走的屌,0,0,0
生生如弈,0,0,0
周小囡,0,0,1
S·Titen八卡,0,0,0
匿名用户,0,1,0
蘇蛙蛙,0,0,0
二货,0,0,0
知了来到,0,0,0
匿名用户,0,0,1
匿名用户,0,0,0
知者乎,0,0,0
波澜随心,0,0,0
一点都不甜,0,0,0
花街柳巷不归徒,0,0,3
神流,0,0,2
璐少,0,0,0
gggg,0,0,0
明明,0,0,0
匿名用户,0,0,0
剑客,0,0,0
777boy,0,0,0
王世,0,0,0
李西,0,0,0
Silvia,0,0,0
Jiany,0,0,0
知知为不知,0,0,0
脱缰的哈士奇,0,0,0
谢安1412,0,0,0
滴滴滴,0,0,0
哈哈,0,0,0
雨晴,0,0,0
歌本树根,0,0,0
匿名用户,0,0,0
赵百度,0,0,2
匿名用户,0,0,0
小鸡你咋不快跑,0,0,0
匿名用户,0,0,0
钱小钱,0,0,0
Echo Z,0,0,0
然然总是想太多,0,0,0
暗影大金狐,0,0,0
匿名用户,0,0,0
独步天下,0,0,0
牛逼闪闪,0,0,0
6六陆,0,0,0
匿名用户,0,0,0
匿名用户,0,0,1
戴林岌,0,0,0
备战高考,0,0,0
游魂,0,1,0
歡愉,0,0,0
子陸,0,0,0
匿名用户,0,0,1
猥琐的伪淑女,0,0,1
贼猫,0,0,0
匿名用户,0,0,0
段余,0,0,0
有毒,0,0,1
爱吃肉的小白兔,0,0,0
李青林,0,0,0
阿筠,0,0,0
天井,0,0,0
早睡不早起,0,0,0
炒金高手小玉,0,0,0
等一分钟,0,0,0
阿丹丹,0,0,0
江子敬,0,0,0
张小猛,0,0,0
姓金的脑斧,0,0,0
抱着锁奔跑的姑娘,0,0,0
流云,0,0,0
haijie,0,0,0
徐之篁,0,0,0
匿名用户,0,0,0
流浪的狗,0,0,0
我是小呀小未名,0,1,0
宇智波63,0,0,0
匿名用户,0,0,0
匿名用户,0,0,1
天道酬勤,0,0,0
阿白白吖,0,0,0
匿名用户,0,0,0
爱晒太阳的肥肥,0,0,0
正也君,0,0,0
花始乂巭,0,0,0
匿名用户,0,0,0
匿名用户,0,0,0
抱歉我只爱钱,0,0,0
guoqiang,0,0,0
匿名用户,0,0,0
逗逗探险,0,0,0
匿名用户,0,0,0
蒂凡尼的早餐,0,0,0
会比较审敛法的,0,0,0
Coincidence,0,0,0
LEAR,0,0,0
匿名用户,0,0,0
理想国,0,0,2
王吉淼净,0,0,0
姜菠萝啊,0,0,1
顺陌先生,0,0,0
小善即众筹,0,0,0
吕凯,0,0,0
钱新新,0,0,0
袁漠,0,0,0
二姨,0,0,0
匿名用户,0,0,4
挽回帮帮主,0,0,0
天上月,0,0,0
啊菜菜,0,0,0
mua 小哥哥,0,0,2
青春的气息,0,0,0
阿JO同学,0,0,0
刘飞,0,0,0
匿名用户,0,0,0
肖春阳,0,0,0
匿名用户,0,0,0
起风了,0,0,0
李狗蛋,0,0,0
梓夏,0,0,0
匿名用户,0,0,0
匿名用户,0,0,0
棉花默默,0,0,0
二月瓶,0,0,0
赣南在线,0,0,0
匿名用户,0,0,0
匿名用户,0,0,0
匿名用户,0,0,0
Danny,0,0,0
鬼畜大魔王,0,0,0
匿名用户,0,0,0
匿名用户,0,0,0
匿名用户,0,0,0
命理-命运之轮,0,0,0
无名h,0,0,0
愿为红尘仙,0,0,0
Olive Zhang,0,0,0
朱槿开,0,0,0
3kiu,0,0,0
小使君,0,0,0
李逍遥不逍遥,0,0,0
匿名用户,0,0,0
匿名用户,0,0,0
不知所云,0,0,0
七年,0,0,0
匿名用户,0,0,0
几卜晒同学,0,0,0
Slarkr,0,0,0
讨厌onetwothreefour,0,0,0
匿名用户,0,0,0
歪歪儿路人粉,0,0,0
蚍蜉,0,0,0
蕉教授,0,0,5
彦冬,0,0,0
一邺,0,0,0
潇潇,0,0,0
一只小帅马,0,0,0
吕良,0,0,0
匿名用户,0,0,0
醉生梦死,0,0,0
郑帅帅,0,0,0
风云,0,0,0
幸福快乐一辈子,0,0,1
匿名用户,0,0,0
太浪门诊,0,0,0
帝金弑天,0,0,0
匿名用户,0,0,0
deer,0,0,0
策初,0,0,0
匿名用户,0,0,0
匿名用户,0,0,0
kliop45,0,0,1
WVE1,0,0,0
普通女青年,0,0,0
小宇哥,0,1,0
BLUE,0,0,0
匿名用户,0,0,0
鸿蒙有梦,0,0,0
西西西瓜,0,0,0
我不是一只驼鸟,0,0,0
匿名用户,0,0,0
匿名用户,0,0,0
skate,0,0,0
匿名用户,0,0,0
高珊,0,0,0
吴公子,0,0,0
匿名用户,0,0,0
安德蒙,0,0,0
Eneco,0,0,0
何金银,0,0,0
我是徐逆的沈黎啊,0,0,0
色愈恭,0,0,0
阿蓄,0,0,0
吃茶去,0,0,0
qieyunying,0,0,0
焦躁的蚂蚁,0,0,0
吕梦,0,0,0
鲁哥,0,0,0
李江华,0,0,0
丰哈,0,0,0
匿名用户,0,0,0
沫帆,0,0,0
匿名用户,0,0,0
匿名用户,0,0,0
YINO小鱼,0,0,3
张慢慢,0,0,0
早年哪知世事艰,0,0,0
匿名用户,0,0,0
Degret 绅,0,0,0
玖龄,0,0,0
PATrick star,0,0,0
晴儿呀,0,0,0
修罗场,0,0,0
子非吾,0,0,0
桥影流虹,0,0,0
啊徐,0,0,0
契默契xxdxh1988,0,0,0
kuroko,0,0,0
地邪,0,0,0
雪条太热,0,0,0
岭南,0,0,0
美少女酸酸酱,0,0,3
Mr.Future,0,0,2
喵姐姐,0,0,1
匿名用户,0,0,0
旧忆,0,0,0
善渊,0,0,0
匿名用户,0,0,1
最甜不过老子,0,0,0
匿名用户,0,0,2
柳倒抢,0,0,0
超长反射弧,0,0,0
匿名用户,0,0,0
图书馆的胖橘,0,0,0
Billie,0,0,0
魔力文,0,0,0
伊泽瑞尔,0,0,0
菜菜菜,0,0,0
夏几何,0,0,0
没事就看看,0,0,0
海的女儿,0,0,0
匿名用户,0,0,0
所有名都一样,0,0,1
奈奈,0,0,0
Anonymous,0,0,0
自由职业攻城狮,0,0,0
哗众取宠患者,0,0,0
Jaspers,0,0,0
匿名用户,0,0,0
浊海危崖,0,0,0
知花,0,0,0
AD哥,0,0,2
花儿,0,0,0
懒惰的学,0,0,0
Breeze,0,0,0
走心,0,0,0
小橙子,0,0,1
孙帅帅,0,0,0
阿念,0,0,4
Leedemoon,0,0,0
NotNicolasCage,0,1,1
像吹风机的狗,0,0,0
南木小仙女,0,0,0
匿名用户,0,0,0
匿名用户,0,0,0
嘟希不灵央,0,0,0
匿名用户,0,0,0
棉花糖的眼镜,0,0,0
Pgpgpgone,0,0,0
姜FUTURE,0,0,0
现在不想取名,0,0,0
重装反渗透,0,0,0
匿名用户,0,0,0
十方,0,0,0
匿名用户,0,0,0
某乎真是辣鸡,0,0,0
陆三蛋,0,0,0
思思思思思思然,0,0,0
胡萝卜汁,0,0,0
匿名用户,0,0,0
北斗,0,0,0
小猪招财,0,0,0
篮板当铺,0,0,0
机智的大胖,0,0,0
第13亿号兔子,0,0,5
何相忘,0,0,0
十五月27,0,0,0
诸葛王禅,0,0,0
匿名用户,0,0,0
匿名用户,0,0,0
Fang,0,0,0
匿名用户,0,0,0
恰好是你,0,0,0
晃晃悠悠,0,0,0
ZKD,0,0,0
Pearl white,0,0,0
可可,0,0,0
匿名用户,0,0,0
冰儿,0,0,0
战略忽悠局局长,0,0,0
匿名用户,0,0,21
明月别枝惊鹊,0,0,0
匿名用户,0,0,0
匿名用户,0,0,0
匿名用户,0,1,0
王大哥,0,0,0
王瑶,0,0,0
刘超,0,0,0
陈东方,0,0,0
三五三,0,0,0
花贺春,0,0,0
狗尾草,0,0,0
匿名用户,0,0,0
Caesar,0,0,0
张豪,0,0,0
时槿徽,0,0,0
匿名用户,0,0,0
重生的人,0,0,0
Despacito,0,0,0
辰星可抛,0,0,0
被自己鼾声吵醒了,0,0,0
江湖,0,0,0
全村人的希望,0,0,1
bibi,0,0,0
匿名用户,0,0,0
匿名用户,0,0,0
匿名用户,0,0,1
猫头鹰,0,0,0
殇11,0,0,0
Jacquie,0,0,0
热善,0,0,0
匿名用户,0,2,4
和和和知知,0,0,0
什么,0,0,0
yang,0,0,0
新月,0,0,0
匿名用户,0,0,0
匿名用户,0,0,0
浮屿,0,0,0
奕悲,0,0,0
易拉罐,0,0,0
匿名用户,0,0,0
闷闷闷,0,0,0
达拉崩吧哈,0,0,0
孙誉书,0,0,0
你在说啥呢,0,0,0
甜丢不要香菜,0,0,0
王诩,0,0,0
阿花花,0,0,0
木木,0,0,0
leyla,0,0,0
曦柔,0,0,0
朔风暗涌,0,0,0
Jessica,0,0,0
植莘,0,0,0
adg,0,0,0
方浣子,0,0,0
梁雪峰,0,0,0
RONCHA-JR,0,0,0
忒怂,0,0,0
任性做你的长辈,0,0,1
骨灰级财鸟,0,0,0
莉莉安,0,0,0
MR.Z,0,0,1
jowen,0,1,0
谭小渔,0,0,0
羊驼先生拜托了,0,0,0
匿名用户,0,0,0
匿名用户,0,0,0
肤浅一现实,0,0,0
好好,0,0,0
匿名用户,0,0,0
李纯良,0,0,0
板蓝根泡面,0,0,0
贾迪迪,0,0,0
匿名用户,0,0,2
匿名用户,0,0,0
彼岸花开,0,0,0
匿名用户,0,0,0
匿名用户,0,0,0
INADCT,0,0,0
宪哥哥i,0,0,0
另一半棉花糖B,0,0,0
Carlo,0,0,0
匿名用户,0,0,1
哈哈哈,0,0,0
刘木枝,0,0,0
郑爽你整回来好吗,0,0,0
诗和远方,0,0,0
匿名用户,0,0,1
个人绝,0,0,0
呵儿,0,0,0
污污污妖精的尾巴,0,0,0
YeeY,0,0,0
执着,0,0,0
我见青山,0,0,0
桂圆是我的名,0,0,0
木子李,0,0,0
命运的安排,0,0,0
程清原,0,0,0
小刺猬,0,0,0
未见森林,0,0,1
云彩,0,0,0
从地球到银河,0,0,0
Neo,0,0,0
快乐的生活,0,0,0
匿名用户,0,0,0
啊哈哈哈,0,0,2
西岚,0,0,0
甄珍,0,0,0
豆荚子,0,0,0
吴起,0,0,0
匿名用户,0,0,0
周建国不是我哥,0,0,0
匿名用户,0,0,0
一个坏蛋,0,0,0
吴烬,0,0,0
Epstein,0,1,0
匿名用户,0,0,2
匿名用户,0,0,2
匿名用户,0,0,0
晨祎,0,0,0
匿名用户,0,1,0
Knight,0,0,0
西門吹邪,0,0,0
李小蛮,0,0,0
马子恒,0,0,0
熊猫372994,0,0,0
来时山有雪,0,0,0
cdgplay,0,0,0
匿名用户,0,0,0
红酒添菜香,0,0,0
黑山小妖,0,0,0
匿名用户,0,1,1
三山,0,0,0
匿名用户,0,0,0
锄禾,0,0,0
宛琬,0,0,0
郭丰,0,1,0
夏七七,0,0,0
郑同学啊,0,0,0
肥婆奶奶,0,0,0
菜鸟要飞116,0,0,0
心理咨询师,0,0,0
霜影,0,0,0
Qzl,0,0,0
沧海一粟,0,0,0
笑对人生,0,0,0
Jimmy zhao,0,0,0
闹哪样,0,0,0
匿名用户,0,0,0
匿名用户,0,0,0
cool stephen,0,0,0
加勒比大闸蟹,0,0,0
程轩,0,0,0
没有看到啊,0,0,0
吴聊,0,0,0
野鸡男中,0,0,0
匿名用户,0,0,0
cookie,0,0,0
单正耀,0,0,0
知否知否,0,0,0
卫修泽,0,0,0
仨五带俩尖,0,0,0
世界也黄莺,0,0,0
刘辉,0,0,0
芯呀芯,0,0,0
陶咪,0,0,0
Echo,0,0,0
时光忆薄凉,0,0,0
RexNeverGiveUp,0,0,0
匿名用户,0,0,0
守护孤独,0,0,1
深井病,0,0,0
cykablyat fk,0,0,0
Ragnaros,0,0,0
匿名用户,0,1,0
18k18cm18dm,0,0,0
吓猴蹲,0,0,0
哒哒哒大叔,0,0,0
匿名用户,0,0,0
howah yip,0,0,0
匿名用户,0,0,0
公子齐殷,0,0,0
lxmnba,0,0,0
匿名用户,0,0,0
温柔风很撩人,0,0,0
就酱,0,0,0
雨沐,0,0,0
王大锤,0,0,0
程书豪,0,0,2
君令炁,0,0,0
匿名用户,0,0,0
匿名用户,0,0,1
猫哥,0,0,0
总有刁民要害朕,0,0,0
小铭,0,0,0
程静凌,0,0,0
乖乖龙叮咚,0,0,0
匿名用户,0,0,2
Rover,0,0,0
匿名用户,0,0,0
万艺美妆科技,0,0,0
Qing,0,0,0
墨晓白,0,0,0
Eudora98,0,0,0
匿名用户,0,0,0
白小黑,0,0,0
兔妹阿Tuan,0,0,0
匿名用户,0,0,0
起名很烦,0,0,0
匿名用户,0,0,0
匿名用户,0,0,0
匿名用户,0,0,0
匿名用户,0,0,0
匿名用户,0,0,0
Attila,0,0,0
黑驴是驴,0,0,0
周舟,0,0,0
匿名用户,0,0,0
小狐狸,0,0,0
美人易逝,0,0,0
黎理,0,0,0
匿名用户,0,0,0
令狐思晚,0,0,0
言无不尽,0,0,0
张居正,0,0,0
金晨,0,0,1
幽冥,0,0,0
匿名用户,0,0,0
lilo,0,0,0
米兰,0,0,0
花期,0,0,0
饼当,0,0,0
坐天观井,0,0,0
匿名用户,0,0,1
纬丫头,0,0,0
周孟楠,0,0,0
赵政,0,0,0
萌萌哒女王,0,0,0
匿名用户,0,0,0
满城风絮,0,0,0
黎明,0,0,0
匿名用户,0,0,0
iznenab,0,0,0
匿名用户,0,0,3
皿桾兮,0,0,0
逸只好肥的鸟,0,0,0
Shili Xu,0,0,0
纵声,0,0,0
很难想象是个大V,0,0,0
臣本布衣,0,0,0
匿名用户,0,0,0
张某某,0,0,0
匿名用户,0,0,0
彭子煜,0,0,0
来者,0,0,0
曾小秋,0,0,0
CHav,0,0,0
Ting Zhang,0,0,0
东篱樵,0,0,0
无月岛,0,0,0
柚子,0,0,0
匿名用户,0,0,0
匿名用户,0,0,0
nick zheng,0,0,0
罗蹦蹦蹦蹦蹦,0,0,0
匿名用户,0,0,0
匿名用户,0,0,7
阿志,0,0,0
辣椒小魂淡,0,0,0
冷暖自知多说无益,0,0,2
双鱼,0,0,0
蓝冰,0,0,0
奔跑的西瓜,0,0,0
桃刘刘,0,0,0
小青蛙不会蛙泳,0,0,0
匿名用户,0,0,0
匿名用户,0,0,0
钢强,0,0,0
汤涵晴,0,0,0
被涅灭的鱼丸,0,0,0
littleq,0,0,0
想象创造未来,0,0,0
yumb,0,0,0
匿名用户,0,0,2
Mmjxmx0126,0,0,0
匿名用户,0,0,1
匿名用户,0,0,0
孔显圣,0,0,0
匿名用户,0,0,0
ConradWong,0,0,0
早起的小女孩,0,0,1
dd仔,0,0,0
匿名用户,0,0,0
匿名用户,0,1,0
李木子,0,0,0
平小锐,0,0,0
匿名用户,0,0,0
匿名用户,0,0,0
四方大海,0,0,0
咸独秀,0,0,0
匿名用户,0,0,3
匿名用户,0,0,0
1111111,0,0,2
野生糯米糍,0,0,0
匿名用户,0,0,3
江都大屈网络科技,0,0,0
人生长恨水长东,0,0,0
呵呵大人,0,0,0
Ronin,0,0,0
洪雨欣,0,0,0
萨摩耶养一只,0,0,0
请叫我强少,0,0,0
不良人,0,0,0
一米九,0,0,0
匿名用户,0,0,2
蔡里小菜,0,0,0
旁观者,0,0,3
令狐,0,0,0
一米七八,0,0,0
政12138,0,0,0
安静,0,0,0
白开水,0,0,0
匿名用户,0,0,0
大幻想家,0,0,0
匿名用户,0,0,0
没有肉的大碗面,0,0,0
阿萌真的会锻炼,0,0,3
说散就散,0,0,0
匿名用户,0,0,0
keep,0,0,0
尼古拉斯·文,0,0,0
钻石就是呆萌,0,0,0
曹钦云,0,0,2
南音,0,0,0
苏国,0,0,0
瘦月亮与六便士,0,0,0
匿名用户,0,0,0
匿名用户,0,0,0
匿名用户,0,0,0
小阿尔法,0,0,0
加世,0,0,0
匿名用户,0,0,0
你到底是谁,0,0,0
长盛丸,0,0,0
旺旺liuyong,0,0,0
开心小火柴,0,0,0
张政文,0,0,0
空空,0,0,0
Coquettish,0,0,0
biaJi,0,0,0
伍毫子,0,0,0
匿名用户,0,0,0
小火慢慢炖,0,0,0
千早,0,0,0
匿名用户,0,0,0
匿名用户,0,0,0
yuee,0,0,0
匿名用户,0,0,0
泽君,0,0,0
刘立,0,0,0
专业补刀,0,0,0
匿名用户,0,0,0
youngbreak,0,0,0
Chris,0,0,0
mk100,0,0,0
文文,0,0,0
长乐,0,0,0
丹莫罗巨人,0,0,0
倾城二少,0,0,0
秃顶少女,0,0,0
邵元歆,0,0,0
匿名用户,0,0,0
王鹏,0,0,0
一叶慧子,0,0,0
喜欢钱,0,0,0
门儿,0,0,0
Alriddy,0,0,0
匿名用户,0,0,0
一个善良的傻孩子,0,0,0
匿名用户,0,0,0
珈蓝寺雨,0,0,0
JING子,0,0,1
门梦笛,0,0,0
肥肥圆圆小嫂嫂,0,0,6
mzzm,0,0,0
新手上路,0,0,0
valml,0,0,0
柴郡,0,0,0
唐宇鹏,0,0,0
十年饮冰,0,0,0
japer,0,0,0
皮囊,0,0,0
隔壁p叔叔,0,0,0
匿名用户,0,0,0
匿名用户,0,0,0
v才才,0,0,0
没兴趣,0,0,0
荒芜格飞白,0,0,2
不過冬,0,0,0
匿名用户,0,0,0
fallin,0,0,0
桃之夭夭,0,0,0
麻丢丢,0,0,1
匿名用户,0,0,2
我的小鹿撞死了,0,0,0
小熙,0,0,0
柚子,0,0,0
泉眼无声溪细流,0,0,0
我喊123,0,0,0
凉丶,0,0,0
无敌小小舒,0,0,0
car,0,0,0
柳嘉炜,0,0,0
Priden,0,0,0
旧城暮晓,0,0,0
糖艾米,0,0,2
命如草芥,0,0,0
匿名用户,0,0,0
徐达,0,0,0
裂宇之弦,0,0,0
罗小白,0,0,0
匿名用户,0,0,2
逍遥一兵,0,0,0
剑尘,0,0,0
小小蛾眉,0,0,0
匿名用户,0,0,0
匿名用户,0,0,0
温柔狩猎者,0,1,9
牛剑红,0,0,0
刺眼,0,0,0
郝冰,0,0,0
子夜歌,0,0,0
Cary,0,0,0
刘十一,0,0,0
丨Demon,0,0,0
匿名用户,0,0,1
王易,0,0,0
僵小鱼,0,1,0
zf192016,0,0,0
便秘仙人,0,0,0
屌丝,0,0,0
你怎么这么可爱,0,0,0
不近女色高育良,0,0,0
王老师,0,0,0
黑丿崎,0,0,0
七月,0,0,0
喜欢泰妍的Simple,0,0,0
羽雨雨彧,0,0,0
Mr.S,0,0,0
铁褥,0,0,0
王小呜不是王小鸣,0,0,0
世纪之花,0,0,0
二白,0,0,0
万花筒小铺,0,0,0
faith,0,0,0
刘乐,0,0,0
一明,0,0,0
泰国代购小草麻麻,0,0,0
轨道,0,0,0
张豆果,0,0,0
星辰,0,0,3
匿名用户,0,0,0
匿名用户,0,0,0
匿名用户,0,0,0
甚不由己,0,0,0
郭洲志,0,0,0
匿名用户,0,0,4
匿名用户,0,0,2
Locor,0,0,0
匿名用户,0,0,0
堯堯,0,0,0
匿名用户,0,0,0
求知,0,0,0
临色,0,0,0
那个狮子不是我的,0,0,0
啦啦噜噜,0,0,1
晓晓,0,0,0
暗语星尘,0,0,0
不思蜀,0,0,0
cici,0,0,0
哆嗦灬,0,0,0
烟月不知人事改,0,0,0
Diao Bro,0,0,0
若古,0,0,1
可霉可乐,0,0,0
北一,0,0,0
雪礼红,0,0,0
Wyatt Jee,0,0,0
而今渐行渐远,0,0,0
匿名用户,0,0,0
zhang gong,0,0,0
白小肥,0,0,0
张少,0,0,0
匿名用户,0,0,0
匿名用户,0,0,0
Uncle Tom,0,0,0
steve,0,0,1
方世玉,0,0,0
匿名用户,0,0,0
西雅图仁波切,0,0,0
王智水,0,0,0
无名,0,0,0
賣酒小哥,0,0,0
秋秋,0,0,1
匿名用户,0,0,0
二木,0,0,0
匿名用户,0,0,0
澄影,0,0,0
Ron零,0,0,0
乔大哥,0,0,0
靖哥哥,0,0,0
匿名用户,0,0,0
carla,0,0,0
王小飞,0,0,0
Wangcl,0,0,0
风陪伴的夏天,0,0,0
匿名用户,0,0,0
匿名用户,0,0,0
匿名用户,0,0,0
匿名用户,0,0,0
匿名用户,0,0,0
叫我国王,0,0,0
美少女,0,0,0
叶良驰,0,0,1
匿名用户,0,0,0
郭琳琳,0,0,0
再度重相逢,0,0,0
凶巴巴的沙雕,0,0,0
追夢赤子心,0,0,0
衍聖,0,0,0
匿名用户,0,0,0
爱问问题,0,0,0
WEworld共享世界,0,0,0
黄翰杰,0,0,0
Neil Zhang,0,0,0
且任烈烈慰平生,0,1,2
Jiraiya,0,0,0
omg212,0,0,0
匿名用户,0,0,0
不错,0,0,0
无知,0,0,0
安娜,0,0,0
爱菠萝味的,0,0,0
吾非良人,0,0,0
也没有什么不同,0,0,1
蜜糖,0,0,0
MyHower,0,0,0
轨迹,0,0,0
axzaxy,0,0,0
匿名用户,0,0,0
kevin ray,0,0,0
尛尛尛欣,0,0,0
匿名用户,0,0,0
最亮的星,0,0,0
钱多多,0,0,0
匿名用户,0,0,0
张在天,0,0,0
朱彭成,0,0,0
llllllll,0,0,0
秋水长天,0,0,0
藏海,0,0,0
牙仙,0,0,0
小隅偏安,0,0,0
诗酒趁年华,0,0,0
C Hero,0,0,1
闻窗外事,0,0,0
听歌没耳机,0,0,3
匿名用户,0,0,0
于金兰,0,0,0
阮阮,0,0,0
匿名用户,0,0,0
琦琦,0,0,0
匿名用户,0,0,0
莫寞,0,0,0
谁在乎,0,0,0
Wilbur,0,0,0
[已重置],0,0,1
匿名用户,0,0,2
李佳伟,0,0,0
见底茶杯,0,0,0
烛与鸩,0,0,0
培根呢,0,0,0
匿名用户,0,0,0
匿名用户,0,1,3
陌上桑,0,0,0
边缘,0,0,0
阿车,0,0,0
舒墨,0,0,0
梁华,0,0,0
Zero,0,0,0
千里走单骑,0,0,0
那年卖猪发了财,0,0,0
秋风暗牧,0,0,0
海淀彭于晏,0,0,0
随心,0,0,0
喵喵,0,0,0
记忆里的青青子衿,0,0,0
一叶擎天,0,0,0
一路北上,0,0,0
跳舞的梵谷,0,0,0
丨渔樵诸野,0,0,0
凯撒,0,0,0
Crisss,0,0,0
uplander,0,0,0
悲金悼玉,0,0,0
追风少年,0,0,0
匿名用户,0,0,0
阿佳,0,0,0
leaohua,0,0,0
匿名用户,0,0,0
嗷呜噫,0,0,1
夜屠灵,0,0,0
匿名用户,0,0,1
匿名用户,0,0,0
匿名用户,0,0,0
Aria Ji,0,0,0
匿名用户,0,1,0
一知,0,0,0
金志茗,0,0,0
七彩红花油,0,0,0
mia marisa,0,0,0
小伦酱,0,0,0
Nilola,0,0,0
匿名用户,0,0,0
章佶,0,0,0
匿名用户,0,0,6
张小薄,0,0,0
橙子酸奶,0,0,0
阿迪王,0,0,4
拾年,0,0,0
非凡,0,0,0
树儿w,0,0,1
么只,0,0,0
王导师,0,0,0
霸气女生,0,0,0
匿名用户,0,0,0
匿名用户,0,0,0
郭斌华,0,0,0
本宝宝世界第一,0,0,0
叶不传,0,0,0
陈选虎,0,0,0
匿名用户,0,0,0
耽之美也,0,0,0
傻福福,0,0,0
无名,0,0,0
匿名用户,0,0,1
猫系男友,0,0,0
甘肃阳光行者,0,0,0
匿名用户,0,0,0
匿名用户,0,0,1
Inorence,0,0,0
不枝花,0,0,0
匿名用户,0,0,0
皮卡丘,0,0,0
匿名用户,0,0,0
四悔斋主人,0,0,0
流星剑,0,0,0
海燕燕,0,0,0
琉歆,0,0,0
仓鼠的主人,0,0,0
瀛洲逍遥子,0,0,0
Satie,0,0,1
Bonnnnnnnita,0,0,0
神游,0,0,0
陪你把风景都看透丶,0,0,0
蓝海沉喵,0,0,0
[已重置],0,0,1
吃货改变世界,0,0,0
雨拉非,0,0,0
忘了叫啥了,0,0,0
西出,0,0,0
林先生,0,0,1
匿名用户,0,0,1
JJIK,0,0,0
匿名用户,0,0,1
匿名用户,0,0,0
大白菜,0,0,0
勿念花开,0,0,0
匿名用户,0,0,1
鬼啃过,0,0,0
匿名用户,0,0,17
匿名用户,0,0,0
汭恋,0,0,0
宫二,0,0,0
大平,0,0,0
北尔在旮旯,0,0,0
若梦,0,0,0
Floral,0,0,2
沃罗涅日,0,0,0
醒善,0,0,0
wtf,0,0,0
达达尼昂,0,0,1
鑫星之宸,0,0,0
陈欣,0,0,0
宗岳,0,0,0
永远年轻永远热泪盈眶,0,0,0
Monica,0,0,1
倾世太监,0,0,0
君换,0,0,0
半月沉江,0,0,0
匿名用户,0,0,1
不知道,0,0,0
oodwboo,0,0,0
友人A,0,0,0
匿名用户,0,0,0
李小头,0,0,0
默默屋稳,0,0,0
会·一,0,0,0
匿名用户,0,0,0
匿名用户,0,0,0
石头,0,0,0
倚风,0,0,0
瓜子君,0,0,0
Ms.like,0,0,0
就是一只猫,0,0,0
王火火,0,0,0
陆炜,0,0,0
CQ123,0,0,0
星冕,0,0,0
卡戎君,0,0,0
Toybaby尖牙,0,0,0
匿名用户,0,0,0
蒋隆缘,0,0,0
王权,0,0,0
匿名用户,0,0,0
黎江,0,0,0
匿名用户,0,0,2
匿名用户,0,0,0
爱美短的严狗子,0,0,0
Kirk Zhao,0,0,0
以梦为马七个字,0,0,0
tan tan,0,0,0
感性的网随风,0,0,0
李亚峰,0,0,0
浩然即正义,0,0,0
于瑜与余欲渔遇雨,0,0,0
刘赛赛,0,0,0
任同永,0,0,0
匿名用户,0,0,0
Binary双子,0,0,0
匿名用户,0,0,0
从容,0,0,0
咕噜咕噜锤子,0,0,0
匿名用户,0,0,1
accme,0,0,0
大熊,0,0,0
飛揚落寞,0,0,0
谢小小,0,0,0
周旭,0,0,0
纯水机,0,0,0
述梦的人儿,0,0,0
手机KTV,0,0,0
匿名用户,0,0,1
匿名用户,0,0,0
大赤赤啊,0,0,0
夏小姐,0,0,0
嗲嗲慧,0,0,0
匿名用户,0,0,0
匿名用户,0,0,0
自由飞翔,0,0,0
赵晓波,0,0,0
等风来,0,0,0
青丝三千,0,0,0
粉红猪小妹,0,0,0
匿名用户,0,0,0
上善若水,0,0,0
kriss wang,0,0,1
驻足为红颜,0,0,0
匿名用户,0,0,0
匿名用户,0,0,0
匿名用户,0,1,11
蓝色眼泪,0,0,0
者也,0,0,0
老鹰自由种族主义,0,0,0
斥斥,0,0,0
曹振,0,0,0
呵呵哒吖呵呵哒,0,0,0
飞檐,0,0,0
如玉,0,0,0
认准固定食谱,0,0,0
小玲儿,0,0,0
匿名用户,0,0,0
夕阳武士,0,0,0
莫续,0,0,0
招网拍模特,0,0,0
laowumifang,0,0,1
李木子,0,0,0
车迟慢,0,0,0
郭子jing,0,0,0
WUDJ,0,0,0
eason,0,0,0
赵英良,0,0,0
风衣飘飘,0,0,0
蝈蝈酱,0,0,0
桃李不言,0,0,0
乔木,0,0,0
阿彪and浮云,0,0,0
匿名用户,0,0,0
秋凉,0,0,0
风髅,0,0,0
中立评论者,0,0,0
Eightycm,0,0,0
王啸尘,0,0,0
匿名用户,0,0,1
扑朔迷离,0,0,0
情非得已,0,0,0
垃圾,0,0,0
匿名用户,0,0,1
朱德,0,0,0
南北不北,0,0,0
匿名用户,0,0,0
范某某,0,0,0
沈查,0,0,0
Shiningjie,0,0,0
SIREN,0,0,0
匿名用户,0,0,0
匿名用户,0,0,2
匿名用户,0,0,0
孤唐,0,0,0
小人物,0,0,0
布只,0,0,0
信仰,0,0,0
一个洋气的人,0,0,0
如草,0,0,0
最终兵器,0,0,0
ML琪Y,0,0,0
王宇,0,0,2
凯撒,0,0,0
匿名用户,0,0,0
想飞的小猪猪,0,0,0
匿名用户,0,0,6
刘夏梦,0,0,0
匿名用户,0,0,0
来生,0,0,0
可乐,0,0,0
匿名用户,0,0,0
月神,0,0,0
风行烈,0,0,0
神的孩子都在跳舞,0,0,0
东华的苍何,0,0,0
侠客行,0,0,0
吃饱了不饿,0,0,0
深宵旷野独行者,0,0,0
Colyn Wang,0,0,0
清欢,0,0,0
云淡风轻,0,0,0
此间无意,0,0,0
匿名用户,0,0,0
年糕,0,0,0
统一老坛酸菜茶,0,0,0
南山太白,0,0,0
老实人,0,0,1
匿名用户,0,0,2
liu,0,0,0
Lee Sir,0,0,0
叟犀牛,0,0,0
药药d,0,0,0
Forture,0,0,0
康康,0,0,0
DEFT,0,0,0
魏sir,0,0,0
刘凡之,0,0,0
大妹子留门啊,0,0,0
刘珣,0,0,0
梵音海,0,0,0
赏雨等风来,0,0,0
祭木的世界,0,0,0
吃猪肉不吐猪肉皮,0,0,0
ly433,0,0,0
下弦月,0,0,0
黄维,0,0,0
哈哈大笑狗,0,0,0
见证1993至,0,0,0
年糕桑,0,0,0
钢板,0,0,0
张自在,0,0,0
林浩,0,0,0
三好少年 嘲风桑,0,0,0
曹轶,0,0,0
羽安,0,0,0
吴钒,0,0,0
王政,0,0,0
大河里石头,0,0,0
匿名用户,0,0,0
番茄,0,0,0
匿名用户,0,0,0
你说我听,0,0,0
匿名用户,0,0,0
如花小同学,0,0,0
修行者,0,0,0
匿名用户,0,1,10
匿名用户,0,0,0
匿名用户,0,0,0
漫下来,0,0,0
士官安德烈,0,0,0
忘晴,0,0,0
克里斯安吉尔,0,0,0
陈老大,0,0,0
zzl,0,0,0
星速骑士,0,0,2
高小胖要减肥成高小瘦,0,0,0
罗欢欢欢欢欢欢,0,0,1
匿名用户,0,0,1
匿名用户,0,0,0
琪琪,0,0,0
罗家辉,0,0,0
匿名用户,0,0,0
悟空,0,0,0
小安,0,0,0
匿名用户,0,0,0
方尧,0,0,0
Amadeus,0,0,0
球球的球,0,0,0
知了过客,0,0,0
开裆裤大魔王,0,0,0
listen,0,0,0
一九四三,0,0,0
匿名用户,0,0,0
我在风中等她,0,0,0
张让,0,0,0
破开混沌的天启,0,0,0
阿奔,0,0,0
匿名用户,0,0,4
匿名用户,0,0,0
匿名用户,0,0,3
乔太太,0,0,0
代表正义朵蜜你,0,0,0
开门查房,0,0,0
匿名用户,0,0,0
潜心,0,0,0
孤雁,0,0,2
Tiramisu,0,0,0
戚扇扇,0,0,0
匿名用户,0,0,2
一个帅气的人,0,0,0
朝气阳阳,0,0,0
一个张,0,0,0
一人独醉,0,0,0
韵竹,0,0,0
心无旁骛,0,0,0
匿名用户,0,0,10
长者,0,0,0
汝非吾焉知吾之乐,0,0,0
匿名用户,0,0,0
牛奶君,0,0,0
刘的青山在,0,0,0
匿名用户,0,0,1
钱三多,0,1,0
匿名用户,0,0,0
赵雅文,0,0,0
匿名用户,0,0,0
匿名用户,0,0,2
匿名用户,0,0,0
匿名用户,0,0,0
匿名用户,0,0,0
卡尔,0,0,0
匿名用户,0,0,0
惊蛰,0,0,0
水见天碧,0,0,0
韩旧,0,0,0
匿名用户,0,0,0
偷饮星空,0,0,0
大笨蛋,0,0,0
匿名用户,0,0,0
一期一会,0,0,0
yilin,0,0,0
小泓仔,0,0,0
bill,0,0,1
小白好黑,0,0,0
金三三,0,0,0
匿名用户,0,0,0
匿名用户,0,0,0
谯工,0,0,1
执所好,0,0,0
匿名用户,0,0,2
小心飞扬,0,0,0
匿名用户,0,0,0
anka LI,0,0,0
无昂,0,0,0
泰迪张,0,0,0
未知的问,0,0,0
随遇而安,0,0,0
Everyman,0,0,0
匿名用户,0,0,0
顾清欢,0,0,0
维度艺术家,0,0,0
单先森,0,0,0
匿名用户,0,0,2
超对我说,0,0,0
御坂美琴,0,0,0
轻乔,0,0,0
无心,0,0,0
匿名用户,0,0,0
有梦想的鱼,0,0,0
汤姆哈根,0,0,0
搬砖的猪,0,0,1
三月的极限,0,0,0
珑珑珑珑珑,0,0,0
从小外号叫三金,0,0,0
骑着毛驴去上班,0,0,0
高晨,0,0,0
劳资最牛逼,0,0,0
匿名用户,0,0,6
vfpnxvfzf,0,0,0
whocares,0,0,0
秋枫,0,0,0
匿名用户,0,1,2
鲁迅,0,0,0
沐墨,0,0,0
不吃香菜的小话唠,0,0,0
喝着雪碧踏着浪,0,0,0
铲屎官,0,0,0
百采生,0,0,0
匿名用户,0,0,0
小黄鸡,0,0,0
jsl小卢,0,0,0
北方汽修之家,0,0,0
匿名用户,0,0,0
刘jack,0,0,0
老猪佩奇,0,1,0
小雨,0,0,1
kailords,0,0,0
活着,0,0,0
匿名用户,0,0,2
azem,0,0,0
清水,0,0,0
匿名用户,0,0,0
任星园,0,0,0
子夜影法师,0,0,1
头很大的小希,0,0,1
張MENGYUE,0,0,1
garb.sun,0,0,0
陶鸿,0,0,0
匿名用户,0,0,0
匿名用户,0,0,1
周赛,0,0,0
御手洗黑豆,0,0,1
匿名用户,0,0,0
如是我闻,0,0,0
陈放,0,0,0
毛金鹏,0,0,0
拾月金秋,0,0,0
玉神,0,0,0
匿名用户,0,0,0
匿名用户,0,0,0
相见欢,0,0,0
lynlling,0,0,0
杨震,0,0,0
匿名用户,0,0,2
匿名用户,0,0,1
匿名用户,0,0,0
破障,0,0,0
張沐之,0,0,0
匿名用户,0,0,0
王鹏飞,0,0,0
匿名用户,0,0,0
匿名用户,0,0,26
匿名用户,0,0,0
假装不食烟火,0,0,0
雪晶儿,0,0,0
七地·真名志,0,0,0
LYT,0,0,0
呱呱,0,0,0
匿名用户,0,0,0
不惧情深,0,0,0
匿名用户,0,0,0
desire,0,0,0
不要鱼丸要粗面,0,0,0
依晓,0,0,0
匿名用户,0,0,0
崔半仙,0,0,0
匿名用户,0,0,0
匿名用户,0,0,0
无名之名,0,0,0
SKGG,0,0,0
一心,0,0,0
铁锅炖自己,0,0,0
妥妥的,0,0,0
银狐,0,0,0
喜剧之王,0,0,0
东郭先生,0,0,0
凤鸣天下,0,0,0
烂泥,0,0,0
琪宝宝,0,0,0
匿名用户,0,0,4
小明白,0,0,1
影子你陪着我累么,0,0,0
匿名用户,0,0,0
比下去,0,0,1
Eidos,0,0,0
匿名用户,0,0,0
白鳥愛,0,0,0
白夜独行,0,0,0
早起扫街的德鲁,0,0,0
执笔话江山,0,0,1
谭长程,0,0,0
dr pd,0,0,0
阿喵大人,0,0,0
AI工程师,0,0,0
匿名用户,0,0,0
楼上真帅,0,0,0
匿名用户,0,0,1
包几坨,0,0,0
我也想当小姐姐,0,0,0
天际时光,0,0,0
嘛嘛小姐,0,0,0
匿名用户,0,0,0
匿名用户,0,0,1
若风i,0,0,0
匿名用户,0,0,0
顾小胖,0,0,0
莫失,0,0,0
匿名用户,0,0,0
阿倩倩倩,0,0,0
厌世,0,0,0
匿名用户,0,0,0
青青河边草,0,0,0
匿名用户,0,1,6
惠风和畅,0,0,0
匿名用户,0,0,0
qeq,0,0,0
列夫·托尔失态,0,0,0
王建林,0,0,0
我们都是七月,0,0,0
匿名用户,0,0,0
匿名用户,0,0,2
春风,0,0,0
匿名用户,0,0,0
我到不了,0,0,0
冬季de魔羯,0,0,0
Jacy Mao,0,0,0
指定幸存者,0,0,0
Andi,0,0,0
匿名用户,0,0,0
万载,0,0,0
窫窳,0,0,0
白詹佑,0,0,0
Lightindark,0,0,0
右手,0,0,0
你的大爷,0,0,0
匿名用户,0,0,2
匿名用户,0,0,1
木升,0,0,0
球球啊秋秋,0,0,0
匿名用户,0,0,0
仿若晴空,0,0,0
婧女,0,0,0
张国根,0,0,0
匿名用户,0,1,0
JupiterH,0,0,0
匿名用户,0,0,0
匿名用户,0,0,1
z风动草,0,0,0
老妖精,0,0,0
月不应缺,0,0,0
LinG,0,0,0
吃睡枪枪,0,0,0
有杀气 小马快跑,0,0,0
匿名用户,0,0,0
匿名用户,0,0,0
在来一个肉串,0,0,0
披着狗皮的兔子,0,0,0
匿名用户,0,0,0
吴智文,0,0,0
玥老公,0,0,0
表姐夫,0,0,0
笑一个看看,0,0,0
纯洁花,0,0,0
辣不辣,0,0,0
飞刀客栈,0,0,0
congf,0,0,0
伍姑娘,0,0,0
炎月,0,0,0
匿名用户,0,0,0
子东,0,0,0
芒芒人海中,0,0,0
不穿鞋的楠楠,0,0,0
子遠,0,0,0
尧十三,0,0,0
天凉好个秋,0,0,0
匿名用户,0,0,0
匿名用户,0,0,0
小法师在练搓火球,0,0,0
素衣三郎,0,0,0
匿名用户,0,0,0
妹妹猛剁洋娃娃,0,0,0
啊啊啊,0,0,0
Sherry-zxy,0,0,0
facker,0,0,0
zyye,0,0,0
童话之巅,0,0,0
好好先生,0,0,0
赵四老爷,0,0,0
更更更更更相,0,0,0
匿名用户,0,0,0
知识渴望,0,0,0
Blackeyes,0,0,0
罗罗,0,0,0
两天,0,0,0
拔了刺的猬丶,0,0,0
匿名用户,0,0,1
匿名用户,0,0,0
匿名用户,0,0,0
问师西来意,0,0,0
我不愿随波逐流,0,0,0
根性师傅,0,0,0
带我走吧,0,0,0
恒少,0,0,0
向天再借500年,0,0,0
树下天空,0,0,0
匿名用户,0,0,2
匿名用户,0,0,2
罗逸尘,0,0,0
Angel,0,0,0
何呵,0,0,0
流星er,0,0,0
匿名用户,0,0,0
知亦难,0,0,0
阿切,0,0,0
匿名用户,0,0,0
曼思庄园,0,0,0
那谁,0,0,0
蛰虎,0,0,0
向阳,0,0,0
可乐,0,0,0
素心,0,0,0
窗台上的梧桐叶,0,0,0
萨格拉饼,0,0,0
匿名用户,0,1,0
匿名用户,0,0,0
龙三元,0,0,0
匿名用户,0,0,0
踏月沉吟,0,0,0
匿名用户,0,0,0
寻隐者不遇,0,0,0
赤色曙光,0,0,0
田园猫,0,0,0
人在广东嫖到失联,0,0,0
匿名用户,0,0,0
匿名用户,0,0,4
匿名用户,0,0,5
花菱结月,0,0,0
小敏,0,0,0
MacLaine,0,0,0
Alaskanbullworm,0,0,0
Jacky,0,0,0
菱可乐,0,0,0
田田田biu,0,0,0
玉盈,0,0,0
太常寺少卿,0,0,1
匿名用户,0,0,2
李亚飞,0,0,0
吃炒面,0,0,0
溜溜么,0,0,0
兆之,0,0,0
暖男天天,0,0,0
福尔摩萱,0,0,0
匿名用户,0,0,0
匿名用户,0,0,0
Jane Mok,0,0,0
静止点,0,0,0
西卡西卡,0,0,0
匿名用户,0,0,0
春兰,0,0,0
浓眉小叔,0,0,0
牛兴龙,0,0,0
longDD,0,0,0
匿名用户,0,0,0
杨希,0,1,0
Poooooe,0,0,0
泛菱,0,0,0
匿名用户,0,0,0
匿名用户,0,0,1
尼古拉斯·狗剩,0,0,0
抹白,0,0,0
匿名用户,0,1,2
小宝宝,0,0,0
匿名用户,0,0,0
BOTniko,0,0,0
龚智泉,0,0,0
自黑而不自黑,0,0,0
有想法的文盲,0,0,0
1生快生快,0,0,0
哈小禾,0,0,0
好乐美饰,0,0,0
匿名用户,0,0,0
美文,0,0,0
鲲尘千古靖沧浪,0,0,0
匿名用户,0,0,0
匿名用户,0,0,0
焖烧鱼,0,0,0
李一,0,0,0
兔二,0,0,0
Carina'pp,0,0,0
匿名用户,0,0,0
废寝忘食,0,0,0
康芳,0,0,0
串串串香,0,0,0
齐松,0,0,0
匿名用户,0,0,9
尹霄汉,0,0,0
初七,0,0,0
诛杀贪厌,0,0,0
匿名用户,0,0,0
老楼,0,0,0
匿名用户,0,0,0
匿名用户,0,0,0
匿名用户,0,0,0
胡兔兔,0,0,0
村东头男孩满脸大褶子,0,0,0
匿名用户,0,0,0
李不懂,0,0,1
匿名用户,0,0,0
匿名用户,0,0,0
匿名用户,0,0,0
儿了个白了,0,0,0
匿名用户,0,0,0
临安,0,0,0
想君时候风鸣,0,0,0
事多屁稠的话唠,0,0,0
匿名用户,0,0,0
且听风吟,0,0,0
花狸猫,0,0,0
陌生人,0,0,0
波特,0,0,0
中间人,0,0,0
XxXx,0,0,0
匿名用户,0,0,1
奋斗的橙子,0,0,0
匿名用户,0,0,1
Joseph Sherry,0,0,0
张嚣,0,0,0
Uchiha madara,0,0,0
小白,0,0,0
匿名用户,0,0,0
壹玖玖肆年見,0,0,0
flxshujie,0,0,0
lmn3951,0,0,0
匿名用户,0,0,0
大饼,0,0,0
Losezz,0,0,0
车涤生,0,0,1
野路子,0,0,0
匿名用户,0,0,0
匿名用户,0,0,0
匿名用户,0,0,4
匿名用户,0,0,0
张仕奇,0,0,0
匿名用户,0,0,1
Less is More,0,0,0
小V会长,0,0,0
leonaris,0,0,0
石华军,0,0,0
菩提子,0,0,0
匿名用户,0,0,0
曾美丽,0,0,0
苏竹柏,0,0,0
匿名用户,0,0,0
匿名用户,0,0,3
小华,0,0,0
田大官人,0,0,0
谢飞,0,0,0
匿名用户,0,0,1
刀拉基,0,0,0
张厚之,0,0,0
匿名用户,0,0,2
滴滴哒,0,0,0
小屁孩儿,0,0,0
匿名用户,0,0,0
社会主义接班人,0,0,0
昊ANGEL,0,0,0
白衣卿相,0,0,0
匿名用户,0,0,0
欠奉,0,0,0
柳上青,0,0,0
Baby黎,0,0,0
一个字帅,0,0,0
匿名用户,0,0,0
匿名用户,0,0,0
Erinaceinae,0,0,0
奏缺一,0,0,0
定春君,0,0,0
微笑好办事,0,0,0
匿名用户,0,0,0
华亭,0,0,0
爽朗的鱼尾,0,0,0
匿名用户,0,0,0
匿名用户,0,0,0
金毛奔奔,0,0,0
匿名用户,0,0,0
匿名用户,0,0,2
匿名用户,0,0,0
陈情,0,0,0
匿名用户,0,0,0
八十一,0,0,0
请按照我是小,0,0,0
大力互撸娃,0,0,0
匿名用户,0,0,0
鹿角先森,0,0,0
匿名用户,0,0,0
郑芸,0,0,0
可爱的多多c,0,0,0
我是熟褐吖,0,0,1
尴尬症犯了,0,0,0
匿名用户,0,0,0
匿名用户,0,1,8
最好不相见,0,0,0
月光恋人,0,0,0
重启中,0,0,0
张重,0,0,0
折页,0,0,0
Der,0,0,0
匿名用户,0,0,0
崔巍,0,0,0
葛益飞,0,0,0
匿名用户,0,0,2
鱼汤,0,0,0
翻了个面的咸鱼,0,0,0
匿名用户,0,0,0
林嘉炜,0,0,0
young morning,0,0,0
Dr.Yang,0,0,0
匿名用户,0,0,0
乌克兰小乳猪,0,0,0
一瓣橘,0,0,0
我要做一条电鳗,0,0,0
Haru Haru,0,0,0
渴新,0,0,0
小苏先生,0,0,0
句芒,0,0,0
长生腐草,0,0,0
难寻公子难再归,0,0,0
王先生,0,0,0
卢克,0,0,0
欧尼,0,0,0
taxi,0,0,0
只为你醉红颜,0,0,0
在星辉斑斓里放歌,0,0,0
匿名用户,0,0,0
纠结多久,0,0,0
匿名用户,0,0,3
匿名用户,0,0,0
匿名用户,0,0,0
冰河,0,0,0
周小谧,0,0,0
萨芬大街上,0,0,0
宋宋,0,0,0
丘拜斯,0,0,0
匿名用户,0,0,0
王大胆,0,0,0
匿名用户,0,0,0
Answol,0,0,1
少侠王小二,0,0,0
匿名用户,0,0,0
拔拔尼,0,0,0
楚楚,0,0,0
不信邪,0,0,0
嘻嘻,0,0,0
多喝稀饭少吃肉,0,0,0
borisxian,0,0,0
大垒,0,0,0
只是听听风,0,0,0
小憨豆,0,0,0
呜呜,0,0,0
梧桐,0,0,0
混世小魔王,0,0,0
匿名用户,0,0,0
那就这样吧,0,0,0
空空,0,0,0
匿名用户,0,0,0
为了北方神的荣耀,0,0,0
风信子,0,0,0
芮秋雯,0,0,0
匿名用户,0,1,0
匿名用户,0,0,0
匿名用户,0,0,0
淡定不怠慢,0,0,0
荒山孑客,0,0,0
匿名用户,0,1,1
易恬,0,0,0
匿名用户,0,0,0
文崎,0,0,0
胡丹艳,0,0,0
huifeng cao,0,0,0
匿名用户,0,0,0
弗兰克Dong,0,0,0
匿名用户,0,0,0
龙王,0,0,0
peng situ,0,0,0
匿名用户,0,0,0
程玉琴,0,0,0
Duo Weng,0,0,0
匿名用户,0,0,0
黄文林,0,0,0
雪冶,0,0,0
初老,0,0,0
冰兔子,0,0,0
匿名用户,0,0,0
匿名用户,0,0,0
匿名用户,0,0,0
杨健,0,0,0
匿名用户,0,1,0
郭彦辰,0,1,0
胡萝卜,0,0,0
武侯,0,0,0
刘蒙蒙,0,0,0
小葫芦,0,0,0
Gary,0,0,0
匿名用户,0,0,0
张文正,0,0,0
匿名用户,0,0,0
RoyC,0,0,0
匿名用户,0,0,0
仇志飞,0,0,0
匿名用户,0,0,0
康斯坦丁,0,0,0
李小熊,0,0,0
匿名用户,0,0,0
陈龙,0,0,0
老枪,0,0,0
匿名用户,0,0,0
kantapia,0,0,0
匿名用户,0,0,0
月月酱,0,1,0
童自由,0,0,0
听风倾语,0,0,0
轩乙,0,0,0
张姑娘,0,0,0
侯浪,0,1,0
韩玫美,0,0,0
匿名用户,0,1,0
酱油猫,0,0,0
匿名用户,0,0,0
艾普西隆,0,0,0
匿名用户,0,0,0
胖子,0,0,1
武羊,0,0,0
丰芬,0,0,0
大饼哥,0,0,0
中半简,0,0,0
匿名用户,0,0,0
匿名用户,0,0,0
吴多多,0,0,0
匿名用户,0,0,0
匿名用户,0,0,0
土豆炸鸡,0,0,0
匿名用户,0,0,1
匿名用户,0,0,0
范小圆,0,0,0
LX-LLL,0,0,0
北极星鹿,0,0,0
赵聪,0,0,0
匿名用户,0,1,5
我好俗,0,0,0
land,0,0,2
匿名用户,0,0,6
没潘鬓但有环肥,0,0,0
卖女孩的小火柴,0,0,0
二分尘土,0,0,0
于卓,0,0,0
pengyu zhu,0,0,0
想减肥的胖子,0,0,0
唐逗庄,0,0,0
插画师Jay,0,0,0
爱尔岚咖啡,0,0,0
匿名用户,0,0,0
匿名用户,0,1,0
匿名用户,0,0,0
李远,0,0,0
匿名用户,0,0,0
于千万人中寻觅,0,0,0
摘星,0,0,0
匿名用户,0,0,0
strom,0,0,0
青山如是,0,0,1
匿名用户,0,0,0
僧多,0,0,0
jeffchu,0,0,0
看看,0,0,0
AngelAJ,0,0,0
匿名用户,0,1,4
匿名用户,0,0,0
月仔小胖子,0,0,0
渔美人,0,0,0
刘沙,0,0,0
匿名用户,0,0,0
Genius,0,0,0
抱仆子,0,0,0
猫王,0,0,0
芊鹭,0,0,0
周政,0,0,0
匿名用户,0,0,3
没有多巴胺,0,0,0
匿名用户,0,0,4
小狐狸,0,0,0
luwei xu,0,0,0
kitty,0,0,0
藏猫猫s,0,0,0
幽并游侠儿,0,0,0
xhl,0,0,0
耿直波以,0,0,0
匿名用户,0,0,0
匿名用户,0,0,0
大丸子,0,0,0
大路,0,0,0
匿名用户,0,0,0
jingchao hu,0,0,0
竹节虾与山地熊,0,0,0
匿名用户,0,0,13
雨窗,0,0,0
ACEvictor,0,0,0
匿名用户,0,0,1
匿名用户,0,0,14
匿名用户,0,0,0
邱宇,0,0,0
匿名用户,0,1,0
沙滩,0,0,1
山楂薏仁,0,0,3
[已重置],0,0,0
默默是小妖精,0,0,2
穆里尼奥,0,0,0
匿名用户,0,0,0
日月明,0,0,0
Guigui,0,0,0
柚夏殇,0,0,0
拽拽A,0,0,0
苍天,0,0,0
匿名用户,0,0,14
Vanny,0,0,0
匿名用户,0,0,0
海边的牧羊人,0,0,0
LcsSu,0,0,0
匿名用户,0,0,0
别说我是伊文斯,0,0,0
阿德里安邦,0,0,1
bbb aaa,0,0,0
草民这厮有礼了,0,0,0
流年染了夏,0,0,0
陈贰浪丶,0,0,0
酒精麻醉铃椛,0,0,0
JackMidnight,0,0,0
颖赫,0,0,0
王田心,0,0,0
翟云飞,0,0,0
白芝麻糊,0,0,0
四海无田,0,0,0
匿名用户,0,1,0
匿名用户,0,0,1
小爷叫贝勒,0,0,0
龚大侠,0,0,0
秦慕楚,0,0,0
匿名用户,0,0,0
开关向左开,0,0,0
曾小铭是极好的,0,0,0
五公子,0,0,0
匿名用户,0,0,1
果然多,0,0,0
what,0,0,0
匿名用户,0,0,0
C轩,0,0,1
a captain,0,0,0
匿名用户,0,0,0
晖空,0,0,0
般若智慧,0,0,0
宫天昊,0,0,0
陪我搞怪与深爱,0,0,0
新愚,0,0,0
北辰,0,0,1
熊本一只君,0,0,1
LBNB,0,0,0
在场九个都很垃圾,0,0,1
匿名用户,0,0,3
[已重置],0,0,1
匿名用户,0,0,15
颜如玉,0,0,0
不知道取什么好,0,0,0
耳东,0,0,0
匿名用户,0,0,0
刘聪明VIP,0,0,0
猫投,0,0,0
吊炸天的人,0,0,0
蔡先生,0,0,1
琉璃假面,0,0,0
晴天,0,0,0
故曲入梦,0,0,0
红拂夜奔不复还,0,0,2
爱游泳的鱼,0,0,0
汪真嗣,0,0,0
匿名用户,0,0,0
匿名用户,0,0,0
林昔年c,0,0,0
007GOO,0,0,0
领家小子,0,0,0
王九,0,0,0
慕一而终,0,0,0
匿名用户,0,0,0
匿名用户,0,0,0
三俗大师,0,0,0
匿名用户,0,0,0
过觚,0,0,0
尘丶,0,0,0
不明啃鸡腿群众,0,0,0
杨开阳,0,1,0
盾构初号机,0,0,0
匿名用户,0,0,2
孤云独去闲,0,0,0
空山鸟语,0,0,0
匿名用户,0,0,0
猪猪侠,0,0,0
匿名用户,0,0,0
气到炮仗,0,0,0
匿名用户,0,0,0
沉默默的阿清君,0,0,0
麦麦,0,0,0
匿名用户,0,0,0
行走的荷尔蒙,0,0,3
泽啦啦,0,0,1
匿名用户,0,0,2
李子,0,0,1
杨欣,0,0,1
腐宅一身,0,0,2
权衡,0,0,0
Mazechuan,0,0,0
量子,0,0,0
桃宝,0,0,0
匿名用户,0,0,2
猴淡淡,0,0,0
方千羽,0,0,0
余辉,0,0,0
匿名用户,0,0,0
陈纯,0,0,0
云中城坐山客,0,0,0
奋斗猫,0,0,0
Tracy,0,0,0
刘鑫,0,0,0
镁花,0,0,0
匿名用户,0,0,0
何进,0,0,0
匿名用户,0,0,0
Evelyn L,0,0,0
匿名用户,0,0,0
杨倚蘅,0,1,0
Zoe,0,0,0
小鲜肉,0,0,0
小成,0,0,0
我没病快放我出去,0,0,0
Agan,0,0,0
阳光姐姐,0,0,0
帝释天,0,0,0
匿名用户,0,0,0
布莱克刘,0,0,0
逆反的长颈鹿,0,0,0
刘遭,0,0,1
徐军帅,0,0,0
阿措,0,0,0
匿名用户,0,0,0
豆芽菜和鸡毛菜,0,0,0
三分热情,0,0,0
爱飙车的女王,0,0,0
就是我就是我呀,0,0,0
匿名用户,0,0,26
一张页目,0,0,0
社会主义核心价值观,0,0,0
xiongxiansheng,0,0,0
匿名用户,0,0,0
断桥残雪A,0,0,0
不凡V121712637,0,0,0
芬格欣-好眠绵,0,0,0
匿名用户,0,0,0
Chasen,0,0,0
恶魔,0,0,2
卫监局一姐,0,0,0
吴鑫培,0,0,0
想低调的美少女,0,0,0
Ritz,0,0,0
Tiny,0,0,0
匿名用户,0,0,0
嘿白痴,0,0,0
小脑斧,0,0,0
飞花若雪,0,0,0
唔少雄,0,0,0
神秘人,0,0,0
李李李李先生,0,0,0
某人,0,0,0
匿名用户,0,0,10
古拉帝那,0,0,0
匿名用户,0,0,0
水笙,0,0,0
杨发达,0,0,0
Uupp,0,0,0
天未死,0,0,0
黄斯群,0,0,0
喋喋不休周泽楷,0,0,0
用心生活的小Q,0,0,0
悄悄的幽灵,0,0,1
包子爱吃肉,0,0,0
寻梦问道,0,0,0
神扯医学生,0,0,0
张旭,0,0,1
匿名用户,0,0,0
匿名用户,0,2,3
爱笑的姑娘,0,0,0
者也,0,0,0
匿名用户,0,0,0
未饮先如醉,0,0,0
丶吴吴吴吴小,0,0,0
猾久,0,0,0
只想发财的阿姨,0,0,0
天地草芥,0,0,0
关中刀,0,0,0
匿名用户,0,0,0
匿名用户,0,0,0
那就这样吧,0,0,0
匿名用户,0,0,0
河边的小县城,0,0,0
一片云,0,0,0
陈默,0,0,1
道刹那,0,0,2
匿名用户,0,0,0
春风化雨,0,0,0
无枪手,0,0,0
郝 率,0,0,0
百世风华,0,0,0
透窗之芒,0,0,0
黑色星期五,0,0,0
细瑶瑶,0,0,0
莫浮躁,0,0,0
指导落户xiamen,0,0,0
匿名用户,0,0,0
Mr.Sam,0,0,0
请赐我一张UR姬,0,0,0
莫斜,0,0,0
jessie,0,0,0
匿名用户,0,0,2
墨仙,0,0,0
匿名用户,0,0,0
葛鹏飞,0,0,0
十八厘米,0,0,0
匿名用户,0,0,10
谦仔,0,0,0
橙少女,0,0,0
匿名用户,0,0,0
蔡家隔壁的王叔叔,0,0,0
一只猫胖,0,0,2
青茶,0,0,0
王剑,0,2,0
原野闲农,0,0,0
匿名用户,0,0,6
邹俊伟,0,0,0
匿名用户,0,0,0
匿名用户,0,0,0
赵彦峰,0,0,0
李晓萌,0,0,0
花儿,0,0,0
匿名用户,0,1,0
天了个噜啦,0,0,0
一棵大树下,0,0,0
格林,0,0,0
匿名用户,0,0,0
匿名用户,0,0,0
杨童,0,0,0
猪五郎,0,0,0
布洛芬缓释片儿,0,0,0
南湖的船,0,0,0
咸鱼,0,0,0
倉颉,0,0,0
盖是英雄,0,0,0
海马,0,1,0
刘子杰,0,0,0
杨逸,0,0,0
WallE,0,0,0
匿名用户,0,0,5
莫徒,0,0,0
匿名用户,0,0,0
树洞555,0,0,0
梦里花落知多少kb,0,0,1
君阳君,0,0,0
虾兵蟹将,0,0,0
yuan jason,0,0,0
匿名用户,0,0,0
洛芷心,0,0,0
爱新觉罗框,0,0,0
安以然,0,0,0
不言无为,0,0,0
匿名用户,0,0,0
阿迦陀,0,1,0
Dr.Loooogic,0,0,0
sun glaring,0,0,0
匿名用户,0,0,5
亦知冰,0,0,0
天注定,0,0,0
匿名用户,0,0,0
匿名用户,0,0,0
匿名用户,0,0,0
匿名用户,0,0,0
三棱马尾,0,0,0
匿名用户,0,0,0
匿名用户,0,0,0
ZamjerzzZ,0,0,0
湖心岁月如止水,0,0,0
九只羊,0,0,0
匿名用户,0,0,2
Liuli,0,0,0
金坷垃佩特拉,0,0,0
不吃蘑菇,0,0,1
陈东文,0,0,0
匿名用户,0,0,0
匿名用户,0,0,0
Mistletoe,0,0,0
陈大雷,0,0,0
Ziyan Zeng,0,0,0
匿名用户,0,0,0
暴躁的老司机,0,0,0
尚尚,0,0,0
Mr Panda,0,0,0
匿名用户,0,0,0
小叶,0,0,0
风吟,0,0,0
戴红领巾的少年,0,0,0
elite,0,0,0
匿名用户,0,0,2
不染尘埃,0,0,0
Dylannuts,0,0,0
洛夕凡,0,0,2
匿名用户,0,0,0
敬亭山,0,0,0
匿名用户,0,0,0
匿名用户,0,0,0
平台是狗,0,0,0
小鱼儿,0,0,0
大白兔奶糖,0,0,0
城北徐公,0,0,0
勇敢而不断尝试的心,0,1,0
killareny,0,0,0
匿名用户,0,0,0
桑瑶,0,0,0
留守姑娘,0,0,0
可乐加冰,0,0,0
BoxBro,0,0,0
Dawn song,0,0,0
拉窗帘,0,0,0
kewei chang,0,0,0
酉卒酉星,0,1,0
卫沙,0,0,0
大林,0,0,0
Lyly,0,0,0
UNICoRN,0,0,0
洛克恩佐,0,0,0
匿名用户,0,0,0
Shaco,0,0,0
匿名用户,0,0,0
啊哦哦哦哦,0,0,0
文邹邹,0,0,0
跳跳蛙,0,0,0
Jason,0,0,1
匿名用户,0,0,3
路人甲,0,0,0
one way,0,0,0
夏阳,0,0,0
另一个我,0,0,0
Amber,0,0,0
波波沙,0,0,0
虫虫她爸,0,0,0
吃土补钙追风少年,0,0,0
小屋,0,0,0
借我,0,0,0
未接,0,0,0
兔兔兔龟龟龟,0,0,0
九乡河龙牙,0,0,0
syu jinall,0,0,0
匿名用户,0,0,0
贫困户,0,0,0
cen zenk,0,0,0
佚名,0,0,0
高俊,0,0,0
匿名用户,0,0,0
阿k,0,0,0
梅花落在雪上,0,0,0
老夫聊发少年皮,0,0,0
匿名用户,0,0,0
匿名用户,0,0,0
匿名用户,0,0,0
大橘为重,0,0,0
一梦千年,0,0,0
英勇过人王小虎,0,0,0
匿名用户,0,0,0
清霄,0,0,0
匿名用户,0,0,0
百姓几十年,0,0,0
匿名用户,0,0,0
匿名用户,0,0,5
坏坏,0,0,0
Frank,0,0,0
RAcL,0,0,0
糖呆瓜,0,0,0
匿名用户,0,0,0
狗狗狗狗44,0,0,0
匿名用户,0,0,0
神秘的云云,0,0,0
匿名用户,0,0,5
冰糖炒栗子,0,0,4
mao mao,0,0,1
海上明月,0,0,3
灵苏拉乡绅,0,0,0
仰望星空,0,0,0
匿名用户,0,0,0
香霖堂的茶叶,0,0,0
人本身就没有面子,0,0,0
乞力马扎罗熊,0,0,0
Amadeus,0,1,0
匿名用户,0,1,5
杜弘博,0,0,0
奇下,0,0,0
匿名用户,0,0,0
Olivia Wu,0,0,0
其实什么都没有,0,0,0
啦啦啦,0,0,0
叶啧啧,0,0,0
匿名用户,0,1,0
匿名用户,0,0,5
lglg,0,0,0
王海轻,0,0,0
赵九五,0,0,0
股神,0,0,0
匿名用户,0,0,0
愿意觉,0,0,1
匿名用户,0,0,0
居则语,0,0,0
匿名用户,0,0,0
鳄鱼,0,0,0
匿名用户,0,0,0
影评聊斋,0,0,0
夏夜小雨,0,0,0
抢平饿几,0,0,0
谭谭,0,0,0
大概率人生,0,0,0
杀戮尖塔123,0,0,0
無雙城主獨孤劍,0,0,1
落花人独立,0,0,0
LOVE,0,0,0
以圣光之名,0,0,0
runner time,0,0,0
高远,0,0,0
告白先森,0,0,0
上衫夏香,0,0,0
魅姐say时尚,0,0,0
边城,0,0,1
谦谦的小迷妹,0,0,7
宜清,0,0,0
天鹅妹妹,0,0,3
匿名用户,0,0,0
苏格拉顶,0,0,0
匿名用户,0,0,2
半夏微凉,0,0,0
asascjj,0,0,0
河神,0,0,0
兔子已成精,0,0,0
明子,0,0,0
匿名用户,0,0,0
Vickky,0,0,0
明明你也很爱我,0,0,0
落地葫芦咚咚咚,0,0,0
匿名用户,0,0,0
竹灵,0,0,0
刀客,0,0,0
匿名用户,0,0,0
细雨渐微,0,0,0
住在海边的大掌门,0,0,0
梦儿,0,0,2
匿名用户,0,0,0
hack,0,0,0
我的复旦老同学,0,0,0
匿名用户,0,0,0
somnusl,0,0,0
匿名用户,0,0,0
安德路西亚,0,0,0
四方形,0,0,0
Camellia,0,0,0
曲品品,0,0,0
月缺,0,0,0
匿名用户,0,0,1
匿名用户,0,0,0
匿名用户,0,0,1
Dnwgs,0,0,0
咪咪666,0,0,0
毛利小五郎,0,0,0
依旧峥嵘2144,0,0,0
乖乖爱吃肉,0,0,0
爬坡的小蜗牛,0,0,0
梦三金,0,0,0
天方夜谭,0,0,0
匿名用户,0,0,3
石少人二,0,0,0
日月星辰,0,0,0
我要回家做作业,0,0,0
Jeadon,0,0,0
夜半见鬼,0,0,0
黄小龙,0,0,0
李AA,0,0,0
匿名用户,0,1,0
有熊氏,0,0,0
仗剑走天涯,0,0,0
梁笑天,0,0,0
匿名用户,0,0,0
moody,0,0,0
闹的就是欢,0,0,0
刘大木,0,0,0
形影相吊,0,0,0
梦境之末,0,0,0
纪牙膏,0,0,0
啊感叹号蒸煮,0,0,0
良缘,0,0,0
Armour,0,0,0
淬简,0,0,0
飞向天边的鱼,0,0,0
面包先生,0,0,0
小麦儿芒,0,0,1
唔摩珂,0,0,1
罗忠,0,0,0
陈鹍,0,0,0
小小摩耶,0,0,0
一个逗B萌,0,0,0
陈可灿,0,0,0
陈宣鹏,0,0,0
匿名用户,0,0,4
gun,0,0,0
匿名用户,0,0,2
漩涡,0,0,0
凝琼脂,0,0,0
匿名用户,0,0,0
wlc534,0,0,0
朱天芙,0,0,0
美若黎明,0,0,0
匿名用户,0,0,0
清风,0,0,0
谭诗雨略,0,0,0
匿名用户,0,0,0
好看的灵魂,0,0,0
汤圆小胖,0,0,3
海豚爱海龟,0,0,0
西方不亮,0,0,0
匿名用户,0,0,2
宋仁宗,0,0,0
洛夏时,0,1,0
真相先知,0,0,0
方建华,0,0,0
不安分的牛,0,0,0
王小明,0,0,0
小宇,0,0,0
Whwitpohe,0,0,0
匿名用户,0,1,4
Judge ma,0,0,0
黑暗灵魂,0,0,0
平视的老男孩,0,0,0
匿名用户,0,0,0
凌云,0,0,0
Becky,0,0,0
傻瓜右手不弃,0,0,0
姜小莹,0,0,0
匿名用户,0,0,4
白爷,0,0,0
匿名用户,0,1,0
匿名用户,0,1,3
匿名用户,0,0,0
ico1.com,0,0,0
匿名用户,0,0,0
弥伽,0,0,0
Kristina,0,0,1
xyyhxyzz,0,0,0
赵伟,0,0,0
匿名用户,0,1,0
谭倩文,0,0,0
战狼,0,0,4
阿端,0,0,0
景曦,0,0,0
匿名用户,0,0,4
匿名用户,0,0,1
匿名用户,0,0,0
一米阳光,0,0,0
我要看漂亮姐姐,0,0,0
匿名用户,0,0,0
匿名用户,0,0,0
真诚的呆萌鱿鱼,0,0,0
彭韬,0,0,0
LyLy,0,0,0
匿名用户,0,0,0
柔小影,0,0,0
匿名用户,0,0,0
追风筝的少年,0,0,0
宁小洁,0,0,0
匿名用户,0,0,0
常宇,0,0,0
渝州子民,0,0,0
王秘密,0,0,0
紫川枕流,0,0,0
Sunny白,0,0,0
吃你的饭,0,0,0
足球带我奔跑,0,0,0
喜力,0,0,0
匿名用户,0,0,0
徐鹏伟,0,0,0
袁七七,0,0,2
匿名用户,0,0,2
开心,0,0,0
匿名用户,0,0,0
青橙柠檬酸,0,0,0
匿名用户,0,0,0
匿名用户,0,0,0
timekiller,0,0,0
万一赢了呢,0,0,0
Juster,0,0,0
XXhunter,0,0,0
董彦铄,0,0,0
Croul,0,0,0
Imagine,0,0,0
匿名用户,0,0,0
紫上,0,0,0
去鸿,0,0,0
浅唱月光,0,0,0
夜袭猎人,0,0,0
coffe,0,0,0
徐行,0,0,2
人参,0,0,0
啊哈,0,0,0
翻字典,0,0,0
志雪,0,0,0
Canute,0,0,0
匿名用户,0,0,4
心灵砒霜,0,0,0
许红良,0,0,0
匿名用户,0,0,0
匿名用户,0,0,0
静静静静,0,0,0
匿名用户,0,0,1
长命百岁崇祯,0,0,0
weihong,0,0,0
匿名用户,0,0,0
匿名用户,0,0,1
SUN ANDY,0,0,0
车干,0,0,0
王君强,0,0,0
abcam,0,0,0
纯灰色灬,0,0,0
晴耕雨读,0,0,0
gentian,0,0,0
不潇洒,0,1,2
免免,0,0,0
高燕飞,0,0,0
安媛,0,0,0
森宝,0,0,0
匿名用户,0,0,0
心晴,0,0,0
从别后,0,0,0
匿名用户,0,0,0
希洛,0,0,0
收拾兔仔子,0,1,1
猪nuo,0,0,0
李小乖,0,1,0
长兰子璇,0,0,0
姚磊,0,0,0
李成,0,0,0
monica,0,0,0
匿名用户,0,0,0
匿名用户,0,0,0
陈雨昂,0,0,0
王华祥,0,0,0
蒋正,0,0,0
焚诗煮茶话晴柔,0,0,0
王小懒,0,0,0
匿名用户,0,0,0
野原小皮蛋,0,0,0
匿名用户,0,0,0
空调姑娘,0,0,0
匿名用户,0,0,1
李龙渊,0,0,0
非洲的大草原,0,0,0
匿名用户,0,0,0
泛湖珳舟,0,0,0
职业病,0,0,0
关系松绑研习社,0,0,0
匿名用户,0,1,1
匿名用户,0,0,0
匿名用户,0,0,6
一抹蓝天,0,0,0
匿名用户,0,0,0
Veronica,0,1,0
nyakol,0,0,0
匿名用户,0,0,0
薛定谔的黑猫,0,0,0
袁升,0,0,0
匿名用户,0,1,0
三少爷的锹,0,0,0
Felicia Lee,0,0,0
Anthony,0,0,0
匿名用户,0,0,0
咚咚波,0,0,0
小菊花,0,0,0
嗜血联盟,0,0,0
未发之中,0,0,0
三六九筒,0,0,0
超级么么哒,0,0,0
渡尔DU2,0,0,0
小强,0,0,0
谭金玲,0,0,1
李qiaoqiao的keke,0,0,0
匿名用户,0,0,1
匿名用户,0,0,1
卓尔潘,0,0,0
白箱子魔法使,0,0,0
匿名用户,0,1,0
匿名用户,0,0,0
沈一石,0,0,0
匿名用户,0,0,0
李氏天下,0,0,0
匿名用户,0,2,2
匿名用户,0,0,0
Dfcoco,0,0,0
知了,0,0,0
徐梓宁,0,0,0
赵青草,0,0,0
余各,0,0,0
匿名用户,0,1,0
李牧狥,0,0,0
杨小蓓,0,0,0
匿名用户,0,0,0
匿名用户,0,0,0
超人,0,1,0
叶舟,0,0,0
匿名用户,0,0,0
抗推,0,0,0
七夜,0,0,0
Wang Nicholas,0,0,1
天行者,0,0,0
我喜欢做梦,0,0,0
不知,0,0,0
alex chou,0,0,0
鄂州迪巴拉,0,0,0
林琳,0,0,0
大姚哥哥带你飞,0,0,0
匿名用户,0,0,0
农夫果园,0,0,0
老丛,0,0,0
伊丽白莎,0,0,0
匿名用户,0,0,0
这是一个奇葩,0,0,0
阿姆罗·雷,0,0,0
匿名用户,0,0,0
微微光,0,0,3
Xing Wang,0,0,0
岛是没有潮的心,0,0,0
蕾蕾,0,0,0
毛豆,0,0,0
匿名用户,0,0,0
匿名用户,0,0,0
匿名用户,0,0,0
大花儿,0,0,0
心材,0,0,0
宋槿,0,0,3
一懒众衫小,0,0,0
一念素心,0,0,0
讲究了谁,0,0,0
林志,0,0,0
装睡的西瓜,0,0,0
秋玦,0,0,0
匿名用户,0,0,0
小布丁,0,0,0
zbb,0,0,0
我有一个小目标,0,0,0
绝情歌,0,0,1
飞雪连天,0,0,0
匿名用户,0,0,0
不想说,0,0,0
匿名用户,0,0,0
仰渊,0,0,0
青溪子,0,0,3
线中人,0,0,0
匿名用户,0,1,3
逗虫虫咬手手,0,0,0
匿名用户,0,0,0
匿名用户,0,0,0
糾缦缦,0,0,0
匿名用户,0,0,0
匿名用户,0,0,0
诚敬,0,0,0
鱼妃,0,0,0
余婧雯,0,0,0
忘尘,0,0,0
浮生未歇,0,0,0
张子昂,0,0,0
山南吹北风,0,0,0
lilith,0,0,0
娇娇作态的小傻瓜,0,0,0
匿名用户,0,0,0
匿名用户,0,0,0
范阿南,0,0,0
为了生活卖掉老婆,0,0,0
少先队大队长,0,0,0
ye chen,0,0,0
Dew.daw,0,0,0
古力娜扎的老婆,0,0,0
兔子跑不过乌龟,0,0,0
匿名用户,0,0,0
匿名用户,0,0,0
Graviton,0,0,0
只为考狂,0,0,0
时酽,0,0,0
阿九,0,0,0
任侠,0,0,0
匿名用户,0,0,1
Daisy·G,0,0,0
邱平性男,0,0,0
杰森.沃赫斯,0,0,0
菠萝田里找到你,0,0,0
啦咔咔,0,0,0
郝阿悬悬悬悬,0,0,0
Lee Zou,0,0,0
粢饭糕,0,0,0
事事,0,0,0
强强要变强,0,0,0
啊伟伟,0,0,0
欣然前行,0,0,0
匿名用户,0,0,0
匿名用户,0,0,0
凯撒紫,0,0,0
瞳话,0,0,0
顺心如意,0,0,0
匿名用户,0,0,0
匿名用户,0,0,0
潇潇何处去,0,0,0
宇宙明治波帅喜,0,0,0
pure love,0,0,0
苏麻离青,0,0,0
黑心的汤圆,0,0,1
Sapphire,0,0,3
朋友再见,0,0,0
坐在地上的单身狗,0,0,0
lambda喵,0,0,0
匿名用户,0,0,0
susu88,0,0,0
大静,0,0,0
小呆,0,0,0
赵小盒,0,1,0
匿名用户,0,0,0
流光飞舞,0,0,0
野狗,0,0,0
徐飞,0,0,1
孟飞扬,0,0,0
Kelly Yang,0,0,0
王林森,0,1,0
林鹏飞,0,0,0
Wu Jessie,0,0,0
匿名用户,0,0,0
匿名用户,0,0,0
benedict,0,1,0
Pick荣三岁,0,0,0
匿名用户,0,0,0
不七又滴小西几,0,0,0
Oliver liu,0,0,1
匿名用户,0,0,1
匿名用户,0,0,0
匿名用户,0,0,0
匿名用户,0,0,0
哈尼水果cup,0,0,0
Moyal Su,0,0,0
赵六一,0,0,0
匿名用户,0,0,0
匿名用户,0,0,2
黄海莹,0,0,2
匿名用户,0,0,0
浅白色,0,0,0
与我常在,0,0,0
小锋子Shawn,0,0,0
王晨,0,0,0
Jack King,0,0,0
匿名用户,0,0,0
匿名用户,0,0,0
八卦炉,0,0,0
匿名用户,0,0,0
陈晨,0,0,0
赵凡,0,0,0
黄跃峰,0,0,0
匿名用户,0,0,0
haitian ke,0,0,0
chenbtravel,0,0,0
蓝卡,0,0,0
匿名用户,0,0,0
Evolution Snake,0,1,0
花解雨Carrie,0,0,0
奶酪是我的,0,0,0
Couther,0,0,0
官山居士,0,0,0
智商没有二五零,0,0,0
喵呜喵呜喵呜,0,0,0
唐酱,0,0,0
阿加西,0,0,0
祈愿酱,0,0,0
你喜欢的是蓝色的,0,0,1
匿名用户,0,0,0
匿名用户,0,0,0
匿名用户,0,0,2
蒸包酱,0,0,0
老婆让我别放真名,0,0,0
匿名用户,0,0,2
吴某某,0,0,2
归来,0,0,0
匿名用户,0,0,0
棺木33,0,1,0
炑炑炑,0,1,0
愉悦,0,0,0
午时,0,0,0
匿名用户,0,0,0
飞鱼,0,0,0
夏河桥逆流的鱼,0,0,0
ikaro,0,0,0
林乐刚,0,1,0
左左,0,0,0
无产阶级代表,0,0,0
冀磊,0,0,0
卢浪,0,0,0
你的眼睛哒哒,0,0,0
马是疆,0,0,0
chacha-pon,0,0,0
VHIFI浴室音响,0,0,0
笑一个,0,0,0
金小师,0,0,0
林思,0,0,0
谢恺昕,0,0,0
匿名用户,0,0,0
于新凯,0,0,0
匿名用户,0,0,0
薛琦,0,0,1
怪我咯,0,0,0
匿名用户,0,0,0
我爱你mm,0,0,0
蜡笔小幸,0,0,0
匿名用户,0,0,0
Chiu,0,0,0
匿名用户,0,0,0
CaptainMiracle,0,0,0
匿名用户,0,1,1
Lei Xiang,0,0,0
清水,0,0,0
熊潇,0,0,0
方小妞,0,0,0
匿名用户,0,0,0
李杰,0,0,0
匿名用户,0,0,1
刘洋,0,0,0
匿名用户,0,0,0
匿名用户,0,0,0
匿名用户,0,2,0
十肆,0,0,0
朱大春,0,0,0
天天,0,0,0
胡TRACY,0,0,0
匿名用户,0,0,0
Kevin Cheng,0,0,0
小白,0,0,0
le he,0,0,0
李宗希,0,0,0
Boyang,0,0,0
匿名用户,0,0,0
匿名用户,0,0,0
匿名用户,0,0,0
王瑶,0,0,0
匿名用户,0,0,0
匿名用户,0,0,3
茶碗蒸,0,1,0
刘锦俊,0,0,0
望月绫时,0,0,0
衰小孩,0,0,0
丹白质,0,0,0
匿名用户,0,0,0
因为我刚好遇见你,0,0,0
乘长风,0,1,0
王彦岗,0,0,0
wsykjxc,0,0,0
Nicodemus Sung,0,0,0
匿名用户,0,1,0
成文婷,0,0,5
匿名用户,0,0,0
张益达,0,0,0
文凤,0,0,0
种果树,0,0,0
匿名用户,0,0,0
kupa,0,0,0
碎花姑娘,0,0,0
匿名用户,0,0,2
李肉肉要减肥,0,0,0
Silvergirl,0,0,0
花朵,0,0,0
张绽,0,0,0
匿名用户,0,0,0
吴生,0,0,0
匿名用户,0,0,0
无限期悲凉,0,0,0
黑化中,0,0,0
久病成医,0,0,0
匿名用户,0,0,0
匿名用户,0,0,0
匿名用户,0,0,0
匿名用户,0,0,0
匿名用户,0,0,1
宿眉生,0,0,0
Kimkang,0,0,0
匿名用户,0,0,1
匿名用户,0,0,0
陈玉祥,0,0,0
匿名用户,0,0,0
罗永明,0,0,0
Oratis,0,2,0
余沙沙,0,0,1
匿名用户,0,0,0
赵一朴,0,0,0
周逸超,0,0,0
隔壁子,0,0,1
冷奏EXILE,0,0,0
匿名用户,0,0,0
曾进军,0,0,0
匿名用户,0,0,0
匿名用户,0,0,0
一一,0,0,0
匿名用户,0,0,0
匿名用户,0,0,0
张东晖,0,0,0
匿名用户,0,0,0
王二三,0,0,0
La fe,0,0,0
五星杀手董小凤,0,0,0
匿名用户,0,0,0
Starry,0,0,0
但是井底蛙,0,0,0
思云,0,0,0
静止的龙卷风,0,0,0
匿名用户,0,0,0
李云,0,0,0
Big Shot,0,1,0
ECHO,0,0,0
唐堂,0,1,0
萌小萌,0,0,0
旅途,0,0,0
Mana,0,0,0
姜中正,0,0,0
高歌,0,1,0
清蜂,0,1,0
李铭轩,0,0,0
匿名用户,0,1,0
开火车的舒克贝塔,0,0,1
Hyun Chiu,0,0,0
joe,0,0,0
匿名用户,0,1,0
匿名用户,0,0,0
冷小僧,0,0,0
「已注销」,0,0,0
匿名用户,0,1,0
匿名用户,0,0,0
Dewey,0,1,0
匿名用户,0,1,0
郭子琪,0,1,0
匿名用户,0,0,0
匿名用户,0,1,0
包大仁Leo,0,1,0
匿名用户,0,1,1
匿名用户,0,0,0
匿名用户,0,0,0
李达宏,0,1,0
林念栋,0,0,0
廖显平,0,0,0
匿名用户,0,1,0
King晗,0,1,0
花无缺,0,0,0
匿名用户,0,0,0
乜玉昆,0,0,0
刘翔,0,1,0
匿名用户,0,1,0
张小驴,0,0,0
苏小白,0,0,0
谢胖子,0,0,1
土豆黄,0,1,0
匿名用户,0,0,0
匿名用户,0,1,0
HenrZ,0,1,6
高学星,0,1,0
匿名用户,0,0,0
张云川,0,0,0
匿名用户,0,1,0
悟仁,0,0,0
思远蝶,0,1,0
大毛,0,0,0
万小小,0,0,0
化机男人,0,0,0
Stephen Hu,0,0,0
匿名用户,0,1,1
匿名用户,0,0,0
王凤,0,0,0
何志亮,0,0,1
阮飞,0,0,1
万方方,0,1,0
匿名用户,0,1,1
李作航,0,0,0
匿名用户,0,1,0
汤龙,0,0,0
口袋美喵,0,2,0
金韬,0,1,0
汤怀龙,0,1,0
吴青松,0,0,0
东林,0,2,0
张絮莜,0,0,0
木鱼家的墨玉,0,1,0
浮岛,0,1,0
yongxin jin,0,0,0
benny zhong,0,0,0
彭城女英雄,0,1,0
匿名用户,0,0,0
何为,0,0,0
林小浩,0,0,0
匿名用户,0,0,1
匿名用户,0,0,0
匿名用户,0,0,0
何爽,0,0,0
韵醇红酒,0,0,0
匿名用户,0,0,0
陈晓潜,0,0,0
匿名用户,0,0,0
匿名用户,0,0,0
何止,0,1,0
Sandy-dasate,0,0,0
我是那个木易某某,0,0,0
羽人三,0,0,0
花七,0,2,0
匿名用户,0,1,0
匿名用户,0,1,0
匿名用户,0,1,0
匿名用户,0,0,0
匿名用户,0,1,0
含泪,0,1,0
自挂东南枝,0,1,0
匿名用户,0,0,0
阿星,0,0,0
匿名用户,0,1,0
夜舞俊宇,0,0,0
夜魔,0,1,0
李延龙,0,0,0
YuongLi,0,0,0
匿名用户,0,0,0
汪文斌,0,0,0
陈守二,0,0,0
匿名用户,0,0,0
幸福傻子宝,0,1,0
sisyphus酱,0,0,0
匿名用户,0,0,0
Sunny Mr,0,0,0
Nashi,0,0,1
蔡JeRry,0,1,0
匿名用户,0,0,1
Pure White,0,0,0
李大葵,0,0,1
豆腐脑,0,0,0
李三少,0,0,0
匿名用户,0,0,0
Eric,0,0,0
风语者,0,0,0
zeayes,0,0,0
Driver Taxi,0,0,0
匿名用户,0,0,0
Fred Liu,0,0,0
文德刚,0,0,0
散场,0,1,0
毛太驴,0,0,2
日天,0,1,0
cc wang,0,0,0
丢丢,0,0,0
晨一一,0,0,1
匿名用户,0,1,0
匿名用户,0,1,0
笔仙,0,0,1
老实人,0,1,0
许中杰,0,2,0
匿名用户,0,0,0
匿名用户,0,0,0
匿名用户,0,0,0
闫红伟,0,0,0
匿名用户,0,0,0
匿名用户,0,0,0
张照,0,0,0
梦瑶,0,0,0
小倪鳅,0,0,0
匿名用户,0,0,0
李想,0,0,0
吴磊,0,0,0
王翰,0,0,1
人王,0,0,0
下步喵,0,0,0
匿名用户,0,1,0
岑锦超,0,0,0
嘻皮脸,0,0,0
匿名用户,0,0,0
王睿,0,0,0
匿名用户,0,0,0
匿名用户,0,1,0
匿名用户,0,2,0
本我和他我,0,0,0
匿名用户,0,0,0
Duan Daniel,0,0,0
匿名用户,0,0,0
匿名用户,0,0,0
匿名用户,0,0,0
VOCAL,0,0,0
桃之夭夭,0,0,0
一磅,0,0,0
公孙丑,0,1,0
匿名用户,0,0,0
匿名用户,0,0,0
Ricardo温,0,0,0
知鱼乐,0,0,0
匿名用户,0,0,0
匿名用户,0,0,0
不想毕业麦高芬,0,0,0
米建红,0,0,0
李晓东,0,0,0
汪汪,0,0,0
匿名用户,0,0,0
刘晕,0,1,0
Vuder,0,1,0
匿名用户,0,0,0
匿名用户,0,0,0
匿名用户,0,0,0
水系魔法师,0,0,0
athan,0,0,0
zixonx,0,2,0
周小道,0,0,0
匿名用户,0,0,0
匿名用户,0,1,0
蓝山,0,1,0
赵一兆,0,0,0
匿名用户,0,0,0
Ellenni,0,0,0
平静的空白,0,0,0
匿名用户,0,0,0
言理,0,0,0
Bunny,0,0,0
匿名用户,0,0,0
煮鹤焚琴,0,0,0
goien,0,0,0
薛文几,0,1,0
残缺的黑暗,0,0,0
张三,0,0,0
pomnyt,0,0,0
匿名用户,0,0,0
年年似梦,0,0,0
DCBA,0,0,0
子禾,0,0,0
康稳,0,0,0
匿名用户,0,0,1
刘叶子,0,0,0
骑猫的鼠,0,0,0
匿名用户,0,0,1
一枚毕业生,0,0,0
粥甜,0,0,0
半支烟,0,0,0
思无邪,0,0,0
匿名用户,0,0,0
低碳哥,0,0,0
匿名用户,0,0,1
最佳损友,0,0,0
匿名用户,0,0,0
卫长女,0,0,0
cjaiczh,0,0,0
匿名用户,0,0,0
饼干,0,0,0
上岸的小啦啦,0,0,5
大唐L木木,0,0,0
奥兹,0,0,0
cupllxd,0,0,0
匿名用户,0,0,0
珊珊,0,0,0
匿名用户,0,0,1
穆先生,0,0,0
匿名用户,0,0,0
匿名用户,0,0,1
匿名用户,0,0,0
陈辰,0,0,0
刘生,0,0,0
赤子之心,0,0,0
匿名用户,0,0,0
波叔,0,0,0
匿名用户,0,0,0
全心全意小天鹅,0,0,0
w88h88y88,0,0,0
叫我文大人,0,0,1
玄武男梦见背影,0,0,0
刘大为,0,0,0
匿名用户,0,0,0
二次元的元,0,0,0
忧伤的幻狼,0,0,0
voker,0,0,0
会飞的鱼,0,0,0
匿名用户,0,1,0
匿名用户,0,0,0
匿名用户,0,0,0
匿名用户,0,0,0
神经病还能好转,0,0,0
tleydxdy,0,0,0
匿名用户,0,0,15
torres,0,0,0
沧笙踏歌,0,0,0
绿茶小可爱,0,1,1
遙朢鷰園,0,0,0
匿名用户,0,0,0
笨人,0,0,0
燕归来,0,0,0
熹宝,0,0,0
味虚,0,0,0
匿名用户,0,0,0
leungJY,0,0,0
小黑叔叔,0,0,0
匿名用户,0,0,0
半夏,0,0,0
匿名用户,0,0,0
Trywaterxy,0,0,0
柒然,0,0,0
曹老湿,0,0,0
博南,0,0,0
匿名用户,0,0,0
张文,0,0,0
墨鱼,0,0,0
张心远,0,0,0
upup,0,0,0
司马孔明,0,0,0
ltyhome,0,0,0
鳗鱼饭团,0,0,0
匿名用户,0,0,0
灿若云锦,0,0,3
匿名用户,0,0,0
张果冻,0,0,0
无名,0,0,0
匿名用户,0,0,0
匿名用户,0,0,0
匿名用户,0,0,0
去以六月息者也,0,0,0
匿名用户,0,0,0
米衙,0,0,4
狗扯羊皮,0,0,0
玛丽迷死,0,0,0
Scarlett0920,0,0,0
匿名用户,0,0,6
基督徒少年,0,1,0
大丁,0,0,0
匿名用户,0,0,0
流年,0,0,0
春叔,0,0,0
我已成年,0,0,1
丫丫喵喵喵,0,0,0
木樨,0,0,0
屠龙少年,0,0,0
藍白條紋,0,0,0
游北知,0,0,0
談布布,0,0,1
冯得斯基,0,0,0
zhou ye,0,0,0
石竹,0,0,0
平如水,0,0,0
匿名用户,0,0,0
鹤鹰,0,0,0
一只老污龟啊,0,0,0
朝颜,0,0,1
SEED POWER,0,0,0
匿名用户,0,1,0
jack1983,0,0,0
福说,0,0,0
暴风骤雨,0,0,0
Dorian Gray,0,0,0
易波程平,0,0,0
Aspus,0,0,0
天涯柚子,0,0,0
爱笑的牙盘,0,0,0
匿名用户,0,0,0
小刘,0,0,0
观澜独酌,0,0,0
EVANGELION,0,0,0
臻砸,0,0,0
VirgilCHEN,0,0,0
李希,0,0,0
阿门,0,0,0
心有千千阙,0,0,1
王大话,0,0,0
鄢Yeah,0,0,0
衣如雪,0,0,0
王平,0,0,0
Cyril,0,0,1
匿名用户,0,0,1
Dong,0,0,0
匿名用户,0,0,0
匿名用户,0,0,0
匿名用户,0,0,0
柯博文,0,0,1
小子牙,0,0,0
匿名用户,0,0,0
余生,0,0,0
venidici,0,0,0
罗惟,0,0,0
白静静静,0,0,0
匿名用户,0,0,1
一颗板蓝根,0,0,0
栗超,0,0,0
恰小凡,0,0,0
小恶魔,0,0,0
匿名用户,0,0,1
HS hell,0,0,0
匿名用户,0,0,2
匿名用户,0,0,0
月亮,0,0,0
leisure,0,0,0
匿名用户,0,0,7
理猹,0,1,0
溧州竹,0,0,0
he敏yi,0,0,0
桐原,0,0,3
森林,0,0,0
匿名用户,0,0,1
匿名用户,0,0,0
一路向北,0,0,0
江水,0,0,0
匿名用户,0,0,2
匿名用户,0,0,0
浩然正气小阁老,0,0,0
一介凡人,0,0,0
Platona,0,0,0
苏杳缈,0,0,0
twq,0,0,0
一刻,0,0,0
匿名用户,0,0,0
匿名用户,0,0,0
潇潇,0,0,0
匿名用户,0,0,0
匿名用户,0,0,0
森焱,0,0,0
匿名用户,0,0,0
匿名用户,0,0,0
匿名用户,0,0,0
Thorn,0,0,0
程姥爷,0,0,0
匿名用户,0,0,0
匿名用户,0,0,0
你们都会,0,0,0
MagicLong,0,0,0
等天蓝时再看海,0,0,0
匿名用户,0,0,0
莫名,0,0,0
贺小楼,0,0,6
观止,0,0,0
匿名用户,0,0,0
苏丹,0,0,0
匿名用户,0,0,0
匿名用户,0,0,1
林风翼,0,0,0
匿名用户,0,0,0
有情众生甲,0,0,0
卤肉包子,0,0,0
匿名用户,0,0,0
匿名用户,0,0,0
孤独患者,0,0,0
流苏静,0,0,0
Mrs.W,0,0,0
杨钧丞,0,0,0
黄药师,0,0,0
大浪淘金,0,0,0
匿名用户,0,0,0
胡春晓,0,0,0
as蓝月儿,0,0,2
Julius Caesar,0,0,0
蛋蛋969,0,0,0
资本主义球形路灯,0,0,0
匿名用户,0,0,0
胡萝卜牛肉汤,0,0,0
freeman,0,0,0
唯快不破,0,0,0
匿名用户,0,0,0
腾锐叔,0,0,0
无底之渊,0,0,0
[已重置],0,0,1
小书虫,0,0,0
匿名用户,0,0,0
王先生,0,0,0
汪汪,0,0,0
loading,0,0,0
柳陌,0,0,0
贾艺驰,0,1,0
匿名用户,0,0,0
匿名用户,0,0,0
凭阑处枫丹白露,0,0,0
Mr.Liu,0,0,0
一朵小叶子,0,0,0
Liam,0,0,1
风子,0,0,0
嗑咖啡,0,0,0
匿名用户,0,0,0
匿名用户,0,0,0
儿时最经典的胖子,0,0,0
Julian,0,0,0
丝丝,0,0,0
白墨飞天,0,0,0
坏键盘,0,0,0
窝嘎窝嘎,0,0,0
不教书的王老师,0,0,0
匿名用户,0,1,1
匿名用户,0,0,0
老刘,0,0,0
Leo凉雨,0,0,0
Simona,0,0,0
兮兮,0,0,0
匿名用户,0,0,0
犁良,0,0,0
炙热香炉,0,0,0
匿名用户,0,0,0
匿名用户,0,0,0
xiaowang123,0,0,0
匿名用户,0,0,0
风白羽,0,0,0
Annebella,0,0,0
匿名用户,0,0,0
一程,0,0,0
匿名用户,0,0,0
匿名用户,0,0,4
也曾经桀骜不驯,0,0,0
刘十九,0,0,0
匿名用户,0,0,0
安菲,0,0,0
我爱的深沉,0,0,0
可爱的大嘴鸟,0,0,0
匿名用户,0,0,0
匿名用户,0,1,5
匿名用户,0,0,0
james,0,0,0
匿名用户,0,0,0
匿名用户,0,0,0
匿名用户,0,0,1
匿名用户,0,0,1
匿名用户,0,0,0
老子就是萌,0,0,0
迪斯贾斯丁,0,0,0
在梦里,0,0,0
俱往,0,0,0
匿名用户,0,0,0
谢鹌鹑,0,0,0
射线,0,0,0
王某某,0,0,0
杜萌羊,0,0,2
BORING TOY,0,0,0
TARS,0,0,0
地主菜家有矿,0,0,2
匿名用户,0,0,0
Vaillant Michel,0,0,0
唐煮,0,0,0
落落大方,0,0,0
烈焰繁花,0,0,0
匿名用户,0,0,0
Dubhe,0,0,0
天上还有云彩,0,0,0
吴正宇,0,0,0
一加一,0,0,0
申叔琊,0,0,0
冯三狗,0,0,0
莓西,0,1,0
小羊哇,0,0,0
匿名用户,0,0,0
匿名用户,0,0,0
匿名用户,0,0,0
钟离无糖,0,0,0
Starringthestar,0,0,0
鹅鹅鹅,0,0,0
53KY,0,0,0
匿名用户,0,0,0
曹海涛,0,0,0
看你干嘛,0,0,0
Love溪,0,0,0
匿名用户,0,0,0
匿名用户,0,0,0
王帅,0,0,0
禅与黑客,0,0,0
方遒,0,0,0
木木月月鸟,0,0,2
周猫猫,0,0,1
匿名用户,0,0,0
明日天,0,0,0
linkark,0,0,0
斯科菲蒂安,0,1,0
齐大圣,0,0,0
终结者,0,0,0
吴小白,0,0,0
心理学小学生,0,0,0
浅唱,0,0,0
易妄,0,0,0
廖云,0,0,0
万马奔腾,0,1,2
long shao,0,0,0
打玻璃,0,0,0
toby,0,0,0
xibeifeng,0,0,0
匿名用户,0,0,0
匿名用户,0,0,0
有节制的自律吧,0,0,0
匿名用户,0,0,0
Vurgit Young,0,0,0
向姚冰,0,0,0
匿名用户,0,0,2
严慧卿,0,1,0
小色牛,0,0,0
匿名用户,0,0,0
Hilda95,0,0,0
匿名用户,0,0,0
鼓浪韬,0,0,0
不留名了,0,0,2
黄振,0,0,0
匿名用户,0,0,0
微微一笑,0,0,0
匿名用户,0,0,0
刘震,0,0,0
匿名用户,0,0,0
匿名用户,0,0,1
李北难,0,0,0
匿名用户,0,0,0
右下露乃诺,0,0,0
月下独酌,0,0,0
栖啊,0,0,0
匿名用户,0,0,0
请叫我白熊,0,0,2
与谁同醉采香归,0,0,0
陈瑛子,0,0,0
匿名用户,0,0,0
猫熊先生,0,0,0
大肉丸,0,0,0
西昆仑,0,0,0
孙大圣,0,0,0
李纳川,0,0,0
花贞,0,0,0
大脸,0,0,0
匿名用户,0,0,1
匿名用户,0,0,0
骆驼小姐,0,0,0
小榛,0,0,0
八宝璇,0,0,0
Hang Yin,0,0,0
云帆,0,0,0
zeng wiki,0,0,0
六月桔生,0,0,0
神的一滴,0,0,0
杨寒,0,0,0
蛋蛋,0,0,0
蛋蛋,0,0,0
白辰,0,0,0
sunyy,0,0,0
安及川,0,0,0
陈丽妃,0,0,0
匿名用户,0,0,0
匿名用户,0,0,0
冷安冉,0,0,0
安全乐谷,0,0,0
匿名用户,0,0,0
连续函数,0,0,0
慎终如始,0,0,0
富金门,0,0,0
匿名用户,0,0,0
慢声,0,1,7
青山,0,0,0
何必谢,0,0,0
迦乐,0,0,0
匿名用户,0,0,0
NnnXxxx,0,0,0
匿名用户,0,0,1
唱唱反调,0,0,0
win10,0,0,0
杨义,0,0,0
匿名用户,0,0,0
匿名用户,0,0,0
海汶岚尘,0,0,0
May Jee,0,0,0
北极的鱼,0,0,0
匿名用户,0,0,1
兜兜里有糖,0,0,0
小熊,0,0,2
贾楷阳,0,0,0
匿名用户,0,0,0
谢欣磊,0,0,0
熠彩,0,1,0
大L,0,0,0
嗨呦哥,0,0,0
张小孩,0,1,0
匿名用户,0,1,0
匿名用户,0,0,0
小阙,0,0,0
活着,0,0,0
天星四贵,0,0,0
匿名用户,0,0,0
匿名用户,0,0,0
墨鱼酱,0,0,0
zhang lei,0,1,0
DDDD,0,0,0
匿名用户,0,0,0
总教练,0,0,0
齐天,0,0,0
黑翅膀amanda,0,0,0
匿名用户,0,1,3
yshlmlr,0,1,0
匿名用户,0,0,1
娄程,0,0,0
史智敏,0,0,0
留小鱼,0,0,0
于晋,0,0,0
匿名用户,0,0,2
匿名用户,0,0,0
赵凯,0,0,0
shadowbleser,0,0,1
匿名用户,0,0,0
匿名用户,0,0,0
半染青澜,0,0,0
净土不互关,0,0,0
匿名用户,0,0,0
C一木,0,0,0
匿名用户,0,1,0
长昼,0,0,0
匿名用户,0,0,0
陈道明,0,1,0
匿名用户,0,1,0
八极游龙,0,0,0
克克乐,0,0,0
adorable龙之蛋,0,0,0
我你她,0,0,0
不休,0,0,0
匿名用户,0,1,1
钟伟纯,0,0,0
乔木几度秋,0,0,0
刘强,0,0,0
Tang文,0,0,0
匿名用户,0,0,0
西瓜家长,0,0,0
匿名用户,0,0,4
陈君,0,0,0
匿名用户,0,1,0
书山有路勤为尽,0,0,0
venture,0,0,0
黑哑,0,0,1
Evelyn,0,0,0
匿名用户,0,0,0
李大傻,0,0,0
匿名用户,0,0,0
阎先生,0,0,0
匿名用户,0,0,0
看她鬼迷了心窍,0,0,0
匿名用户,0,0,3
赵大胖,0,0,0
毒草,0,0,0
时颜,0,0,0
匿名用户,0,0,12
匿名用户,0,0,0
夜机通灵玉,0,0,0
匿名用户,0,0,0
袁言,0,0,0
匿名用户,0,0,2
匿名用户,0,0,0
匿名用户,0,0,0
月亮,0,0,0
呆梨子,0,0,0
我真不是李明轩呀,0,0,0
匿名用户,0,0,8
伊利亚布拉金斯基,0,0,0
July,0,0,0
匿名用户,0,0,0
大头小萝莉,0,0,0
法兰克斯雪诺,0,0,0
会跳舞的回忆,0,0,0
杨柳依依,0,0,0
匿名用户,0,0,0
吴瑞,0,0,0
匿名用户,0,1,0
匿名用户,0,0,0
匿名用户,0,0,0
Hissatsu,0,0,0
匿名用户,0,0,0
木木,0,0,0
谢七童,0,0,0
mermaid,0,0,0
匿名用户,0,1,0
柚子树,0,0,0
穷开心,0,0,0
里孟,0,0,0
方甲鱼,0,0,0
HHJJ,0,0,0
杨无名,0,1,0
匿名用户,0,0,0
闲而不语,0,0,0
匿名用户,0,0,1
灬晴天,0,0,0
学之哥哥,0,0,0
加州小旅馆,0,0,0
李清照,0,0,0
江纸杯,0,0,0
左颂臣,0,0,0
Darren,0,0,0
Tommy Hankruz,0,0,0
匿名用户,0,0,0
白胖胖,0,0,0
匿名用户,0,0,1
小鱼,0,1,0
Stuart,0,0,0
徐先森,0,0,0
庶陆风,0,0,0
匿名用户,0,0,0
匿名用户,0,0,0
十八人,0,0,0
demon1994,0,0,0
喵嘉,0,1,0
Winni,0,0,0
匿名用户,0,0,0
许晓龙,0,1,0
嘉一,0,0,0
匿名用户,0,0,4
匿名用户,0,0,0
红糖水均,0,0,0
匿名用户,0,0,1
匿名用户,0,0,0
春雨贵如油,0,0,0
笑千帆,0,0,0
匿名用户,0,0,0
匿名用户,0,0,0
沃若,0,0,0
水中探花,0,1,0
zoeqiu,0,0,0
陈以珊,0,0,0
闪闪的红星,0,0,0
小舞宋,0,1,0
海里鱼,0,0,0
匿名用户,0,0,0
Gavin Kai,0,0,0
livestreaming,0,1,0
pewpew pew,0,0,0
dunstan,0,1,0
匿名用户,0,1,0
张弛,0,0,0
匿名用户,0,0,0
匿名用户,0,0,0
陈欣,0,0,0
匿名用户,0,1,0
一只学习猪,0,0,0
bigman,0,0,0
羽羽,0,0,0
匿名用户,0,0,0
匿名用户,0,0,0
ERCP,0,0,0
匿名用户,0,0,0
匿名用户,0,1,0
匿名用户,0,0,0
黑黑黑黑黑黑黑黑,0,0,0
李尼玛,0,0,0
匿名用户,0,0,0
匿名用户,0,0,0
匿名用户,0,0,0
匿名用户,0,0,1
染骨,0,0,0
匿名用户,0,0,0
匿名用户,0,0,0
匿名用户,0,0,3
匿名用户,0,0,0
BbbBroccoli,0,1,0
匿名用户,0,0,0
匿名用户,0,0,1
黎明,0,0,0
真实的你在,0,0,0
木子观兰,0,1,0
单翼小鱼,0,0,0
阿苏勒,0,0,0
乔迁,0,0,1
匿名用户,0,0,0
LO清VE,0,0,0
项载嘉,0,0,0
冰舞飘飘,0,0,0
匿名用户,0,0,0
徐找找,0,1,0
RexMa,0,0,0
匿名用户,0,0,0
匿名用户,0,0,0
匿名用户,0,0,0
二哈,0,0,1
匿名用户,0,0,0
白泽,0,0,0
匿名用户,0,0,0
ELLEN LIU,0,1,0
匿名用户,0,1,0
徐谌辉,0,2,0
吴起白,0,0,0
匿名用户,0,0,1
匿名用户,0,0,1
bling,0,0,0
outlander,0,0,0
匿名用户,0,0,0
匿名用户,0,0,0
匿名用户,0,0,1
匿名用户,0,0,2
匿名用户,0,0,0
Catodon,0,0,0
匿名用户,0,0,0
黄浩,0,0,0
龙涎香,0,1,0
灯里,0,0,0
煮蛋器,0,0,0
于浩,0,0,0
匿名用户,0,0,0
朝逝夕颜,0,0,0
舒先生,0,0,0
匿名用户,0,0,0
李冲,0,0,0
匿名用户,0,0,1
匿名用户,0,0,0
cuisan,0,0,0
匿名用户,0,0,0
匿名用户,0,0,0
萌萌兔吃胡萝卜,0,0,0
淘李福,0,0,0
甲龙,0,0,0
匿名用户,0,0,3
匿名用户,0,0,0
森林,0,0,0
翡丽,0,0,0
匿名用户,0,0,0
九释,0,0,0
王大侠,0,0,0
张较瘦,0,1,0
sirsting,0,0,0
南瓜马车的午夜,0,0,0
磊磊,0,0,0
匿名用户,0,0,0
方女士,0,0,1
猫无忧,0,0,0
诶嘿,0,0,0
飞天小溜肩,0,0,5
一个圈,0,0,0
二猹,0,0,0
匿名用户,0,0,0
赵立存,0,0,0
Hedley,0,0,0
我曾怀疑我,0,0,0
冯呵呵,0,0,0
喜剧之王,0,0,0
匿名用户,0,0,0
哼就不,0,0,0
匿名用户,0,0,0
苗川,0,0,0
立立,0,0,0
匿名用户,0,0,0
西娃,0,0,0
匿名用户,0,0,1
匿名用户,0,0,0
柴宝宝,0,0,0
李先生,0,0,0
我叫小刘,0,0,0
王决明,0,0,0
匿名用户,0,0,1
张昊,0,0,0
李凯茜,0,0,0
匿名用户,0,0,0
匿名用户,0,0,0
马天水,0,0,0
夜阑听风,0,0,0
若水,0,1,0
丑桔,0,0,0
匿名用户,0,0,0
古王星,0,0,0
幽司命,0,0,0
小菜,0,0,0
CC ESPRESSO,0,0,0
无知青年,0,0,0
匿名用户,0,0,0
匿名用户,0,0,0
匿名用户,0,0,0
何田田,0,0,0
平生一顾,0,0,0
魏猫猫,0,0,0
若苍先生,0,0,0
生呃哼,0,0,0
匿名用户,0,0,0
雪国,0,0,0
listen,0,0,0
女神范,0,0,0
猫悟空,0,0,0
皮特,0,0,0
匿名用户,0,0,0
张恒,0,0,0
匿名用户,0,1,0
匿名用户,0,2,1
jianlong liu,0,0,0
匿名用户,0,0,2
匿名用户,0,0,0
匿名用户,0,0,3
高鑫耀,0,0,0
匿名用户,0,1,0
匿名用户,0,0,2
sage pan,0,0,0
匿名用户,0,1,0
匿名用户,0,0,1
然而,0,0,0
卫枢昂,0,0,0
别问我是谁,0,0,0
绮罗生,0,0,2
匿名用户,0,0,0
匿名用户,0,0,0
愛吃魚的賢,0,0,0
匿名用户,0,0,0
匿名用户,0,0,0
匿名用户,0,0,0
匿名用户,0,0,2
匿名用户,0,0,0
匿名用户,0,0,0
匿名用户,0,0,1
徐驰,0,0,0
德玛游西亚,0,0,0
戈拉斯猎人,0,0,2
纸钱晚风送,0,0,0
被埋的野心,0,0,0
匿名用户,0,0,1
匿名用户,0,0,0
李小牛儿,0,0,0
匿名用户,0,0,0
匿名用户,0,0,0
匿名用户,0,1,0
郝完美,0,0,0
匿名用户,0,0,0
匿名用户,0,0,0
匿名用户,0,0,0
熊大人,0,0,0
匿名用户,0,0,0
匿名用户,0,0,0
匿名用户,0,0,0
匿名用户,0,0,0
匿名用户,0,0,0
匿名用户,0,0,6
悦读人生,0,0,0
王宝玉,0,0,0
非常英俊的肥兔子,0,0,0
匿名用户,0,0,0
平安长安,0,0,0
赵官家,0,0,0
麋桥,0,0,0
游标卡尺,0,0,0
匿名用户,0,0,0
差生,0,0,0
隔壁姐姐在看我,0,0,0
谢超人,0,0,0
匿名用户,0,0,0
森森,0,0,0
Sunny丶好骚年啊,0,0,0
匿名用户,0,0,0
匿名用户,0,0,0
Lesley,0,0,0
西西里的海风,0,0,0
纸糊虎,0,0,0
匿名用户,0,1,0
匿名用户,0,0,0
瓜雨,0,1,0
菜兄,0,0,0
溪风,0,0,0
匿名用户,0,0,0
匿名用户,0,0,0
fraystyle,0,0,0
匿名用户,0,0,0
匿名用户,0,1,1
匿名用户,0,0,0
浦骏,0,0,0
江南,0,0,0
匿名用户,0,0,0
匿名用户,0,0,0
lol2333,0,0,0
匿名用户,0,0,0
匿名用户,0,0,0
人称真叔,0,0,0
风吹船儿漂,0,0,0
小皮球,0,0,0
不忘初心,0,0,0
爪爪熊,0,0,0
匿名用户,0,0,0
DO VIS,0,0,0
匿名用户,0,0,0
匿名用户,0,0,0
发财彪,0,0,0
匿名用户,0,0,0
Chloe wang,0,0,0
何一,0,0,0
匿名用户,0,0,0
匿名用户,0,0,0
小明明明,0,0,0
曹超,0,0,0
行者杨明,0,0,0
笨凌子,0,0,0
咻比嘟哗,0,0,0
nothingels,0,0,0
铁砣水上漂,0,0,0
谷猛,0,0,0
S alvere,0,0,0
霍达,0,0,0
匿名用户,0,0,0
十年饮冰,0,0,0
半夏,0,0,0
这个汉子好屌,0,0,0
害羞熊,0,0,0
匿名用户,0,0,0
匿名用户,0,1,10
匿名用户,0,0,1
醉生梦死惑迷狸,0,0,0
飞鹏,0,0,0
匿名用户,0,1,0
匿名用户,0,0,3
匿名用户,0,0,0
岭南散人,0,0,0
尾生冬至,0,0,0
我叫大儒哥,0,0,0
匿名用户,0,0,1
匿名用户,0,0,0
Novela,0,0,0
子沣,0,0,0
匿名用户,0,0,0
匿名用户,0,0,0
匿名用户,0,0,2
匿名用户,0,0,0
采小姑娘的蘑菇,0,0,0
堕落圣骑士,0,0,0
匿名用户,0,0,0
王曦,0,0,0
ChenJun,0,0,0
匿名用户,0,0,0
朱捷,0,0,0
猫丢了,0,0,0
鸡窝头月球表面,0,0,0
马文可,0,0,0
公兔几,0,0,0
Gloria huang,0,0,0
周一,0,0,0
何川,0,0,0
BABY313,0,0,0
日拱卒,0,0,0
抓娃娃小能手,0,0,0
我思故我在,0,0,0
匿名用户,0,0,0
匿名用户,0,0,0
Philos Tung,0,0,0
True Train,0,0,0
路伴良人无可悔,0,0,0
匿名用户,0,0,0
姬湛兮,0,0,0
waku,0,0,0
张大蘑,0,0,0
条小河,0,0,0
匿名用户,0,0,0
匿名用户,0,0,0
匿名用户,0,0,0
匿名用户,0,0,0
wang小倩,0,0,0
关慧生,0,0,0
傻小瓜,0,0,0
Montana,0,0,0
Shine,0,0,0
匿名用户,0,0,0
匿名用户,0,0,0
熊猫君,0,0,0
醉梦丶余生,0,0,0
光阴流水,0,0,2
生如夏花,0,0,0
大有国千秋万代,0,0,0
匿名用户,0,0,2
匿名用户,0,0,0
淡淡淡水,0,0,0
匿名用户,0,0,0
彼得阿潘,0,0,0
李雪山东妹子,0,0,0
匿名用户,0,0,0
小子轻,0,0,0
被风吹走的云云云,0,0,0
匿名用户,0,0,0
cylee,0,0,0
匿名用户,0,0,0
匿名用户,0,0,0
孙康,0,0,0
匿名用户,0,0,0
田于朋,0,0,0
篱笆墙外的猫,0,0,0
匿名用户,0,0,0
匿名用户,0,0,0
生煎,0,0,0
小宇宙,0,0,0
酸奶按斤喝,0,0,0
匿名用户,0,0,0
苏不语,0,0,0
小状元,0,0,0
匿名用户,0,0,0
谢宝树,0,0,0
匿名用户,0,0,0
黄土的土,0,0,0
匿名用户,0,0,0
匿名用户,0,0,0
我以为,0,0,0
刘静,0,0,0
SUNSY,0,0,0
赵小强,0,0,0
陈莎,0,0,0
东子,0,0,0
应悦,0,0,0
浩子,0,0,0
小流,0,0,11
黄兴,0,0,0
匿名用户,0,0,0
高笪慕,0,0,0
惘然,0,0,1
Jay Chuh,0,0,0
汤先生,0,0,0
匿名用户,0,0,0
徐杰,0,0,0
铁血威龙,0,0,0
匿名用户,0,0,0
高睿,0,0,0
罗斯巴德d,0,0,0
匿名用户,0,0,0
rain liu,0,0,0
岁月无声,0,1,0
匿名用户,0,0,0
菲菲菲,0,0,0
吴天豪,0,0,0
匿名用户,0,0,0
石阿呆,0,0,0
度和坚持,0,0,0
匿名用户,0,0,3
匿名用户,0,0,0
COIN,0,0,0
游骑兵,0,0,0
李易钊,0,0,0
匿名用户,0,0,0
原来如此,0,0,0
匿名用户,0,0,0
棱棱,0,0,0
匿名用户,0,0,0
生命在于折腾,0,0,0
yxp,0,0,0
西门大官人,0,0,0
awayoyo,0,0,0
珂Stephen,0,0,0
杨军,0,0,0
匿名用户,0,0,0
米小乐,0,1,0
柳公子,0,0,0
匿名用户,0,0,0
Sun Clement,0,0,0
Z先生,0,0,0
maggievuv,0,0,0
辛西娅,0,0,0
赵小笨,0,0,0
匿名用户,0,0,0
经济小丑,0,0,0
匿名用户,0,0,0
匿名用户,0,0,0
在机场等一艘船,0,0,0
宁采臣,0,0,0
格格污,0,0,0
匿名用户,0,0,0
匿名用户,0,0,0
安年,0,0,0
玉妹,0,0,0
匿名用户,0,0,0
羽良,0,0,0
雷雨,0,0,0
匿名用户,0,0,0
匿名用户,0,0,0
青云,0,0,0
萨克斯,0,1,0
匿名用户,0,0,0
匿名用户,0,0,0
魏方程,0,0,0
匿名用户,0,0,0
普米森林,0,0,0
匿名用户,0,0,0
匿名用户,0,0,0
嘻嘻雨辰,0,0,0
匿名用户,0,0,0
匿名用户,0,0,0
嗡嗡的翁,0,0,0
匿名用户,0,0,0
匿名用户,0,0,1
匿名用户,0,1,0
水瓶,0,0,0
萧桓,0,0,0
匿名用户,0,0,0
最讨厌用呵呵了,0,0,0
比之门,0,0,0
匿名用户,0,0,1
匿名用户,0,0,0
Michael Z,0,0,0
想减肥的肥猫,0,1,1
FORZEN,0,0,0
匿名用户,0,0,0
小辣椒,0,0,0
匿名用户,0,0,0
匿名用户,0,0,0
link xu,0,0,0
你好,0,0,0
情剑山河,0,0,0
匿名用户,0,0,8
逃出怪圈,0,0,0
恶魔六点终,0,0,0
匿名用户,0,0,0
匿名用户,0,0,0
在黑暗中寻找归宿,0,0,0
方鸿渐,0,0,0
阿扁,0,0,0
匿名用户,0,0,0
Hotel California,0,0,0
匿名用户,0,0,0
匿名用户,0,0,0
aerkat,0,0,0
匿名用户,0,0,0
防水雨鹏,0,0,0
禹zh,0,0,0
匿名用户,0,0,0
匿名用户,0,0,0
匿名用户,0,0,1
匿名用户,0,0,0
折耳猫,0,0,0
匿名用户,0,0,0
大菁V,0,0,0
时光,0,0,0
匿名用户,0,0,0
匿名用户,0,0,0
范少伯,0,0,0
张姁,0,0,2
阿茫,0,0,0
我是一个脸圆圆,0,0,1
张堃,0,0,0
子寒,0,0,0
匿名用户,0,0,0
姚平,0,0,0
会走路的鱼,0,0,0
闻人珺,0,0,0
匿名用户,0,0,0
grace,0,0,0
[已重置],0,0,0
Pandatree,0,0,0
BurKit,0,0,0
姜云天,0,0,0
匿名用户,0,0,0
匿名用户,0,0,0
刘俊伟,0,0,0
匿名用户,0,0,0
匿名用户,0,0,0
匿名用户,0,0,0
李小利,0,0,0
康健,0,0,0
余文浩,0,0,0
匿名用户,0,0,0
欄外人,0,0,0
知更鸟,0,0,0
风口的猪,0,0,0
凤梨超好吃,0,0,0
匿名用户,0,0,0
哎呦喂,0,0,0
董瑜,0,0,0
闲敲棋子,0,0,0
fantasy,0,0,0
颜不染,0,0,0
tm xiao,0,0,0
士力嘎,0,0,0
匿名用户,0,1,0
我已经不养猪了,0,0,0
匿名用户,0,0,0
唐萌萌,0,0,0
张小强,0,0,0
林朝阳,0,0,0
ye余时间,0,0,0
匿名用户,0,0,0
马徽,0,0,0
红姐-驾到,0,0,0
Tonic,0,1,0
安静,0,0,0
化十哥,0,0,0
匿名用户,0,1,0
汤圆,0,0,0
匿名用户,0,0,0
擎天,0,0,0
匿名用户,0,0,0
巴尔奇,0,0,0
魔术师,0,0,0
kaineng ma,0,0,0
令咒批发,0,1,0
墨黑,0,0,0
inkmoon,0,1,0
思潼,0,0,0
米莱,0,0,0
陈陈陈,0,0,0
匿名用户,0,0,0
龟去来,0,0,0
刘易斯,0,0,0
田乐,0,0,0
匿名用户,0,0,0
纷纷,0,0,0
一叶落,0,0,0
FayeXing,0,0,0
匿名用户,0,0,0
匿名用户,0,0,0
匿名用户,0,0,0
匿名用户,0,0,0
啾啾同学,0,0,0
解雷锋,0,0,0
匿名用户,0,0,0
匿名用户,0,0,0
匿名用户,0,0,0
虎牙,0,0,0
匿名用户,0,0,0
赵妍,0,0,0
秦筝,0,0,0
活着,0,0,0
匿名用户,0,0,0
匿名用户,0,0,0
匿名用户,0,0,0
匿名用户,0,0,0
匿名用户,0,2,1
匿名用户,0,0,0
匿名用户,0,0,0
匿名用户,0,0,0
瘦死的骆驼,0,0,0
匿名用户,0,0,0
文明俊,0,0,0
匿名用户,0,0,0
一闰,0,0,0
匿名用户,0,0,0
匿名用户,0,0,0
匿名用户,0,0,0
匿名用户,0,0,0
匿名用户,0,0,0
华之风,0,0,0
老子,0,0,0
匿名用户,0,0,0
手纸君,0,0,0
匿名用户,0,0,0
废旧汽车,0,0,0
烤鸭真好吃,0,0,0
匿名用户,0,0,0
匿名用户,0,0,0
byron david,0,0,0
匿名用户,0,0,0
lowet742,0,0,0
一天,0,0,0
匿名用户,0,0,0
SShirleyZ,0,0,0
了了个了,0,0,0
晚来风,0,0,0
coco latte,0,0,0
Fliege,0,0,0
疯子 已退,0,0,0
陈鱼儿,0,0,0
匿名用户,0,0,0
匿名用户,0,0,0
匿名用户,0,0,0
嬉皮士,0,0,0
阿撚同学,0,0,0
匿名用户,0,0,0
我就是个0,0,0,0
董军,0,0,0
匿名用户,0,0,0
匿名用户,0,0,0
张朝权,0,0,0
匿名用户,0,0,0
匿名用户,0,0,0
将离,0,0,0
匿名用户,0,0,0
会炖汤,0,0,0
金橙司,0,0,0
匿名用户,0,0,0
徐蕾,0,0,0
匿名用户,0,0,0
Nemo,0,0,3
高第,0,0,0
钱星,0,0,0
匿名用户,0,0,0
匿名用户,0,1,0
匿名用户,0,0,0
匿名用户,0,0,0
红粉菲菲,0,0,0
匿名用户,0,0,0
幸福满满一勺,0,0,0
匿名用户,0,0,0
匿名用户,0,0,0
匿名用户,0,0,0
Sherme Yang,0,0,0
胡文涛,0,0,0
匿名用户,0,0,0
吕文博,0,0,0
李大哈,0,0,0
渊夜,0,0,0
北野攼霜,0,0,0
创成,0,0,0
inzaghi zz,0,0,0
匿名用户,0,0,0
黑犬,0,0,0
南瓜真人,0,0,0
修行者,0,1,0
匿名用户,0,0,0
青茫架桥,0,0,0
吴浩天,0,0,0
匿名用户,0,0,0
钢铁侠煎饼还开么,0,0,0
存在·不存在,0,0,0
林炜,0,0,0
匿名用户,0,2,0
yangshuo,0,0,0
权震乾,0,0,0
匿名用户,0,0,1
王小宝,0,0,0
匿名用户,0,0,0
匿名用户,0,0,0
李睿栋,0,0,0
暮离,0,0,0
vivian vivian,0,0,0
匿名用户,0,0,0
匿名用户,0,0,0
sisi li,0,0,0
INTP,0,0,0
PP鱼,0,0,0
匿名用户,0,0,4
夏之微岚,0,0,0
匿名用户,0,0,0
匿名用户,0,0,0
匿名用户,0,0,0
阿璃,0,0,0
哒哒李,0,0,0
萧曜棘,0,0,1
匿名用户,0,0,1
一泓伊豆,0,0,0
周想晕,0,0,0
黄柳柳,0,0,0
挣脱,0,0,0
就得走夜路,0,0,0
Van凯,0,0,0
冷卜,0,0,0
Aries,0,1,0
悟空你瘦了,0,0,0
钾镁铝,0,0,0
冰棍超人,0,0,0
陈天,0,0,0
小宝,0,0,0
Silence Iris,0,0,0
从来不用假名,0,0,0
围城,0,0,0
Tingting Cute,0,0,0
匿名用户,0,1,1
匿名用户,0,0,0
匿名用户,0,2,0
大表哥,0,0,0
匿名用户,0,0,0
刘盼盼盼你个二盼,0,0,0
匿名用户,0,0,0
匿名用户,0,0,0
Jingting Shao,0,0,0
匿名用户,0,0,0
匿名用户,0,0,0
莫杞,0,0,0
未古,0,0,0
李一宇,0,0,0
孟怂怂,0,0,3
余小林,0,0,0
雯Wen,0,0,0
东吴,0,0,0
王汪,0,0,0
等一根K,0,0,0
[已重置],0,0,0
林小邪,0,0,0
匿名用户,0,0,0
赤雀,0,0,0
唐毅,0,0,0
匿名用户,0,0,0
匿名用户,0,0,0
不如不见,0,0,0
琦士,0,0,0
宗依,0,0,0
张大宝,0,0,0
匿名用户,0,0,0
撒粒也,0,0,0
匿名用户,0,0,0
匿名用户,0,1,0
柴坤,0,0,0
匿名用户,0,0,0
张健,0,0,0
六尔,0,0,0
匿名用户,0,0,0
匿名用户,0,0,0
七岁,0,0,0
匿名用户,0,0,0
魔人,0,0,0
匿名用户,0,0,0
彻酱,0,0,0
千木一,0,0,0
keep kiki,0,0,0
匿名用户,0,0,0
富读机,0,1,3
向前走 不回头,0,0,0
王浩,0,0,0
匿名用户,0,0,0
在空中跳舞的猪,0,0,0
杨洛曦,0,0,0
匿名用户,0,0,0
石琪,0,0,0
不想太阳的向日葵,0,0,0
cccy,0,0,0
贾帅,0,0,0
潘无知,0,0,0
大块,0,0,0
司马旺,0,0,0
樟麒,0,0,0
仅关注,0,1,0
匿名用户,0,0,0
kk哎呀呀,0,0,0
匿名用户,0,0,0
匿名用户,0,0,0
王Snow,0,0,0
Qian Diana,0,0,0
匿名用户,0,0,0
匿名用户,0,0,0
jayjliang,0,0,0
匿名用户,0,0,0
橘下狗,0,0,0
匿名用户,0,0,0
王xin锐,0,0,0
孙麒,0,0,0
Wang Mark,0,0,0
匿名用户,0,0,0
孟令敏,0,0,0
匿名用户,0,0,0
Coding猿,0,0,0
匿名用户,0,0,0
fhylhlasdf,0,1,0
叶知秋,0,0,0
匿名用户,0,0,0
匿名用户,0,0,0
小明V5,0,0,0
匿名用户,0,0,0
边界,0,0,0
凡人,0,0,0
碧茜,0,0,0
匿名用户,0,0,0
慢慢来,0,0,0
兮兮,0,0,0
养猫的后生,0,0,0
匿名用户,0,0,0
匿名用户,0,0,1
匿名用户,0,0,0
白玫瑰和红玫瑰,0,0,0
喵先森,0,0,0
阿尔吉侬,0,1,0
星仔很忙,0,0,0
赵雷的女朋友,0,0,1
张六十一,0,0,0
老虎出更,0,0,0
关我屁事,0,0,0
TingFa,0,0,0
小明同学,0,0,0
人间有味是清欢,0,0,0
zhangtao,0,0,0
一人汣,0,0,0
暝越,0,0,0
Ccccccia,0,0,0
匿名用户,0,0,1
无聊透顶,0,0,1
过气网红唐日天,0,0,0
妄语,0,0,0
匿名用户,0,0,0
城涧霖,0,0,1
匿名用户,0,0,1
小杨爱房产,0,0,0
昨晚吃的什么,0,0,0
风云一刀,0,0,0
F现为凑字数,0,0,0
匿名用户,0,0,0
沐光之城,0,0,0
JBwang,0,0,0
匿名用户,0,0,1
失眠症,0,0,0
胖胖的咖啡,0,0,0
荒野拾尘,0,0,0
wiseinfool,0,0,0
匿名用户,0,0,0
隐形少女,0,0,5
大福,0,0,0
匿名用户,0,0,0
小tian天,0,0,0
匿名用户,0,0,0
寒枪渡美人,0,0,2
索尔夜歌,0,0,0
实践者,0,0,0
铁马六,0,0,0
水月轩77,0,0,0
Chester,0,0,0
娜娜,0,0,0
塔夫,0,0,0
青芥子,0,0,0
奔跑的嚣冬,0,0,0
骚包,0,0,0
浩然,0,0,0
真空老祖,0,0,0
那些事儿1982,0,0,0
葱123,0,0,0
萝拉,0,0,0
Nerd,0,0,0
山南海北,0,0,0
可口可乐了了了,0,1,0
苏三,0,0,0
成败,0,0,0
牧屿秋霏,0,0,0
时丢丢,0,0,2
匿名用户,0,0,1
十四,0,0,0
会上自习么你,0,0,0
谦谦君子,0,0,0
腻死萝莉,0,0,4
PKK,0,0,0
豆哥,0,0,0
几楼奖励来,0,0,0
匿名用户,0,0,1
月影,0,0,0
渴望做自己,0,0,2
走走,0,0,0
匿名用户,0,0,0
旭旭旭,0,0,0
匿名用户,0,0,0
容易拉稀的女人,0,0,0
四月是我的泡泡,0,0,0
LY LI,0,0,0
Nice,0,0,5
久安,0,0,0
匿名用户,0,0,0
lazel,0,0,0
长青,0,0,0
匿名用户,0,0,0
方圆,0,0,0
一棵开花的树,0,0,0
David,0,0,0
安详若欢,0,0,0
非常不友善,0,0,0
藤真健司,0,0,1
随风,0,0,0
易道人,0,0,0
奥特瓜,0,0,0
坂上之云,0,0,0
叫什么都行,0,0,0
我们需要更多晶矿,0,0,0
WSDAB,0,0,0
新明,0,0,0
暗夜自勉,0,0,0
耳朵,0,0,0
沈廷文,0,0,1
勋章,0,0,0
bird smart,0,0,0
瓦希德,0,0,0
许桐桐,0,0,0
奥古斯都,0,1,0
夭夭,0,0,0
奥尼托夫司机,0,0,0
遇到就是缘分,0,0,0
宵噬,0,0,3
房间,0,0,0
匿名用户,0,0,0
Yyyyy,0,0,0
CJWSXYHX,0,0,0
匿名用户,0,0,0
对你极善良,0,0,0
joker,0,0,0
周老狗,0,0,0
NaLiZi,0,0,0
江步雨,0,0,0
匿名用户,0,0,0
哈牛与维尼,0,0,0
录音,0,0,0
冷枫,0,0,0
是你的阿远,0,0,0
霂飏,0,0,0
杨光,0,0,0
李二三,0,0,0
比较糙的一个仙女,0,0,0
拾荒者,0,0,0
小能能,0,0,0
Justin Ge,0,0,0
抑郁的小韭菜,0,0,0
大大方方的,0,0,0
凝眸若冰,0,0,0
匿名用户,0,0,0
阿阿阿蒙呀,0,0,0
Victor King,0,0,0
右肩,0,0,0
莫如是,0,0,0
小背篓呀,0,0,0
匿名用户,0,0,0
southisland,0,0,0
匿名用户,0,0,1
匿名用户,0,0,2
匿名用户,0,1,0
咸蛋齁人,0,0,0
视死如归花铁干,0,0,0
闲云野鹤,0,0,0
不吃草的长颈鹿,0,0,0
梓茗,0,0,0
一条会撒娇的鱼,0,0,0
匿名用户,0,0,0
dawn,0,1,0
匿名用户,0,0,1
念驹,0,0,0
匿名用户,0,0,0
匿名用户,0,0,0
积木,0,0,0
匿名用户,0,0,0
Andy,0,0,0
刘振博,0,0,1
匿名用户,0,0,0
缄默,0,0,0
匿名用户,0,0,1
凭胸而论,0,0,0
阿迈,0,0,0
lris,0,0,0
愤怒的华子,0,0,0
dragon-warrior,0,1,0
匿名用户,0,0,0
安芒,0,0,0
麦穗儿,0,0,0
机智小熊猫,0,0,0
一个模特的救赎,0,0,0
各取所需,0,0,0
kriato,0,0,2
不痛不痒,0,0,0
晨曦,0,0,0
Oloid,0,0,0
看你媚,0,0,1
刘羡,0,0,2
白琨,0,0,0
匿名用户,0,0,0
不谢,0,0,0
匿名用户,0,0,0
笔仙哥哥,0,0,0
匿名用户,0,0,0
匿名用户,0,0,0
匿名用户,0,0,0
怂人一枚,0,0,1
座中皆是豪英,0,0,0
大海,0,0,0
巡夜更夫,0,0,3
匿名用户,0,0,0
匿名用户,0,1,1
不要睡,0,0,1
沉默的狮子,0,0,0
哎呀.就是那么回事,0,0,6
魍魅,0,0,0
王英海,0,0,1
刘坚,0,0,0
匿名用户,0,0,0
Sincher,0,0,0
匿名用户,0,0,0
中年少女,0,0,0
八月浮世绘,0,0,1
象阳象阳象阳,0,0,0
林登万,0,0,0
匿名用户,0,0,3
宇宙男神,0,0,0
人美声甜36d,0,1,1
秒速九光年,0,0,0
匿名用户,0,0,0
匿名用户,0,0,0
丁未,0,0,0
飘摇,0,0,2
匿名用户,0,0,0
匿名用户,0,0,0
钟离,0,0,0
Dannes,0,0,1
kiki,0,0,0
被催婚的黄嗷嗷,0,0,0
梓安,0,0,0
后街男孩,0,0,0
辉辉,0,0,0
陇水易渡关山难越,0,0,0
金银铜铁,0,0,0
球球大作战,0,0,0
城外,0,0,0
Michael,0,0,2
有点意思,0,0,0
匿名用户,0,0,0
朝圣者,0,0,0
矿业未来,0,0,0
王劼,0,0,0
匿名用户,0,0,0
镜花水月,0,0,0
吾爱,0,0,0
八斗,0,0,0
匿名用户,0,0,0
Aron.w,0,0,0
skyline,0,0,0
floz,0,0,0
吃不胖德丁先生,0,0,0
匿名用户,0,0,0
觉觉,0,0,0
阿嘿嘿,0,0,0
king,0,0,1
匿名用户,0,0,6
超逗的二哈少爷,0,0,0
若可,0,0,0
常桉小将领,0,0,0
匿名用户,0,0,0
草莓,0,0,0
南风,0,0,0
土匪哥哥,0,0,2
木头的心,0,0,0
叔公,0,0,0
风过无痕,0,0,0
唐吉柯德,0,0,0
让我想一想,0,0,0
大大大大魔王,0,0,0
米思在成长,0,0,0
匿名用户,0,0,0
昆呐,0,0,0
林先生,0,0,0
一生相守,0,0,0
少言,0,0,0
不解构的青春,0,0,0
俞天,0,0,0
充电五分钟,0,0,0
yuri,0,0,0
翘楚,0,0,0
匿名用户,0,0,4
Kelly.Liu,0,0,0
竹修,0,0,0
匿名用户,0,0,0
雨霖琳,0,0,1
蛐蛐先生,0,0,0
BoringC,0,0,0
追风筝的人,0,0,1
骨感,0,0,0
彭先生,0,0,0
匿名用户,0,0,0
Augus,0,0,0
是锦鲤吖,0,0,0
胡可波公爵,0,0,0
图书馆的闲者,0,0,0
余生路还长,0,0,0
来了,0,0,0
Hercules,0,0,0
虚心,0,0,0
CamBridge,0,0,0
日生,0,0,0
YKX,0,0,0
匿名用户,0,1,1
微妙,0,0,0
针尖初芽,0,0,0
李露,0,0,1
晓姐姐内衣工作室,0,0,0
思念如念思,0,0,0
李渊,0,0,0
啄木鸟,0,0,0
中华崛起,0,0,0
冷公子,0,0,0
乐乐,0,0,0
小姐姐,0,0,0
喵国第一大法师,0,0,0
仇羽纶,0,0,0
知天下16888,0,0,0
匿名用户,0,0,0
定情日子臀,0,0,0
噗哈哈哈哈哈哈,0,0,0
匿名用户,0,0,2
安歌,0,0,0
光执事,0,0,0
spaceG,0,0,0
洛克博QAQ,0,0,0
mia,0,0,0
跑跑虾,0,0,0
匿名用户,0,0,0
u号懒猫,0,0,0
初情后语,0,0,0
匿名用户,0,0,0
guo386383272,0,0,0
新littleant,0,0,0
匿名用户,0,0,0
95chao,0,0,0
冬洲,0,0,0
胖子,0,0,0
狗熊白白,0,0,2
大鱼酱,0,0,0
李扶疏,0,0,0
橘子野里,0,0,0
一切都会过去的,0,0,0
可可,0,0,0
戴世林,0,0,0
化雨,0,0,0
币火火,0,0,0
菩提哥哥,0,0,0
温心情感网-小文,0,0,0
简单,0,0,0
culin,0,0,0
唐培斌,0,0,0
一灰,0,0,0
ymkperry,0,0,0
LifeTiger,0,0,0
匿名用户,0,0,0
匿名用户,0,0,2
夏夏,0,0,0
匿名用户,0,0,0
不知,0,0,0
太阳升,0,0,0
非黑非白,0,0,1
郑啊,0,0,0
学宫陈赤,0,0,0
青阳,0,0,0
我是小肉肉,0,0,0
阿晨,0,0,0
月下叶影,0,0,0
上海橱柜订,0,0,0
我就是来看看,0,0,0
前端Guggenheim,0,0,0
年糕喵,0,0,0
马明扬,0,0,0
sinchaos lee,0,1,0
夏丸子,0,0,0
问慧心岁月安好,0,0,0
边佳莹,0,0,0
匿名用户,0,0,0
韭菜盒子,0,0,0
小白,0,0,0
匿名用户,0,0,0
老纪的茶,0,0,0
悲伤流转任性,0,0,0
上官,0,0,0
陈言心,0,0,0
九重秋,0,0,0
匿名用户,0,0,0
江湖百晓生,0,0,0
一些,0,0,0
舞茗,0,0,0
安小然形象服装设计师,0,0,0
特拉法加,0,0,0
Mamba,0,0,0
绰尓家园,0,0,0
娇娇的AD钙,0,0,0
棒槌,0,0,0
淡浮云,0,0,0
王豆,0,0,0
白云天阶,0,0,0
旁观客,0,0,0
施雨,0,0,0
沈小肆,0,0,0
老毅丝猪,0,0,0
吕亮,0,0,0
口舌低浓度,0,0,0
小机智,0,0,0
柠檬茶,0,0,0
SSUPERGUOO,0,0,0
设计师,0,0,0
萌雨儿,0,0,0
荒泉,0,0,0
王老师的知道,0,0,0
匿名用户,0,1,1
河北陈冠希,0,0,0
知心,0,0,0
SprightLy丶京,0,0,0
我已不是排长,0,0,0
相忘于江湖,0,0,0
Leocy,0,0,0
杨yy,0,0,0
成都一弟弟,0,0,0
句芒,0,0,0
匿名用户,0,1,0
尹柯人,0,0,0
木木,0,0,0
打杂大人,0,0,0
袁豆豆,0,0,2
Hedwig,0,0,0
如果知道爱你伤七年,0,0,0
匿名用户,0,0,0
忧郁的驴,0,0,0
树叶de离开,0,0,1
Astro Runner,0,0,0
清焰,0,0,0
jianseveni,0,0,0
邺水朱华,0,0,0
非诚勿扰,0,0,2
华哥,0,0,0
112477558,0,0,0
我的阿清哟,0,0,0
灵灵卢,0,0,0
匿名用户,0,0,0
匿名用户,0,0,1
匿名用户,0,0,3
12345678900000,0,0,0
宛洛,0,0,0
刘小华,0,0,2
安安,0,0,0
高子,0,0,0
大白鲨,0,0,0
君未寐,0,0,0
檀桐楠梧,0,0,0
二哈的疯主人,0,0,0
匿名用户,0,0,0
发奖金,0,0,0
夜行书生,0,0,0
齐飞,0,0,0
Tsar,0,0,0
一雪消痕,0,0,0
优秀咩,0,0,0
刘畅,0,0,1
匿名用户,0,0,0
阳光青年,0,0,0
弗拉基米尔,0,0,0
匿名用户,0,0,0
thekey,0,0,3
爱上一条鱼,0,0,0
张友园,0,0,0
匿名用户,0,1,1
绿豆汤,0,0,0
李宏告,0,0,2
水木年华,0,0,0
哇哈哈,0,0,1
匿名用户,0,0,0
马斯特道森,0,0,0
一条叫小星的狗,0,0,0
匿名用户,0,0,1
梦想就在这里启航,0,0,0
萎笑,0,0,1
郑仪,0,0,0
自由人生,0,0,0
夜奔的猫,0,0,0
melt,0,0,0
非酋之路,0,0,0
快乐的小情书,0,0,0
qiu,0,0,0
卖唐僧的小悟空,0,0,0
匿名用户,0,0,0
为所欲为丶抽某人,0,0,0
月葬人,0,0,0
匿名用户,0,0,0
不二,0,0,0
日文不是特殊字符,0,0,2
chook,0,1,0
[已重置],0,0,0
小霖啊,0,0,0
不上则下,0,0,0
走在猝死路上,0,0,0
匿名用户,0,0,2
刘水水,0,0,0
tdwbzwqkr,0,0,0
认清,0,0,0
匿名用户,0,1,0
君虚发,0,0,0
丘山君,0,0,0
丰丰丰,0,0,0
风卷云边淡,0,0,0
张仲景,0,0,0
Leon,0,0,0
李韫华,0,0,0
三年后高校联赛见,0,0,0
野猪佩奇,0,0,0
闲的,0,0,0
216022,0,0,0
知吱,0,0,0
Shorttube,0,0,1
海风,0,0,0
HiSiyu,0,0,0
重重兽,0,0,0
樊樊樊樊樊樊小胖,0,0,0
带风筝的猫,0,0,0
匿名用户,0,0,0
灰子Ivy,0,0,0
DvBp,0,0,0
杨大仙,0,0,0
文人雅士,0,1,0
姜小白,0,0,0
夏逸橙,0,0,0
尔盖·安,0,0,0
我是一个老实人,0,0,0
无知少女十七,0,0,0
匿名用户,0,1,1
bachwang,0,0,0
九方和纳,0,0,0
潮牌男装,0,0,0
地狱领主,0,0,0
晚风,0,0,0
飞翔的弗里德曼,0,0,0
若希,0,0,0
房芳,0,0,0
老子很忙,0,0,0
匿名用户,0,0,0
林埃里,0,0,0
清逸,0,0,0
kareler,0,0,0
佛系开发,0,0,0
脆弱的故地雨衣,0,0,0
夜百合,0,0,0
陪妈妈看琼瑶剧,0,0,0
粒子生物工程,0,0,0
雨与驴,0,0,0
tfexnitfvjkbbg,0,0,0
社会开拓者,0,0,0
尼克波普,0,0,0
匿名用户,0,0,0
皮了个蛋,0,0,0
根根,0,0,0
大蚂蚁,0,0,0
水三金,0,0,0
木华君,0,0,0
梵中ma,0,0,0
纯属欠揍,0,0,0
正常的智障,0,0,0
夏木,0,0,0
冈尼尔,0,0,0
阿克人,0,0,1
匿名用户,0,0,0
贺杰,0,0,0
匿名用户,0,0,0
程东西南,0,0,1
waiyiyiyyi,0,0,0
匿名用户,0,0,0
我是乖宝宝,0,0,0
罗健,0,0,0
陈小阳,0,0,0
德勤,0,0,0
卸甲归田,0,0,0
火锅始祖,0,0,0
淡言,0,0,0
尼古拉斯,0,0,0
Tye-落家,0,0,0
小师弟,0,0,0
匿名用户,0,0,0
君领天下,0,0,0
声音好听的小哥哥,0,0,1
savzen,0,0,0
匿名用户,0,0,0
小月亮,0,0,0
扭扭捏捏那你,0,0,6
zaingel,0,0,0
张三疯子,0,0,0
锦浔,0,0,0
余乐水,0,0,0
cheng成,0,0,0
龙姑姑,0,0,0
为啥至此,0,0,0
周助,0,0,0
桑丘,0,0,0
xuan qing,0,0,0
冰的杂货铺,0,0,0
吴子健,0,0,0
唐秀才,0,0,0
砂糖,0,0,0
不想上班,0,0,0
捂住眼睛,0,0,0
匿名用户,0,0,0
浪里个浪,0,0,1
小美马的猪胖胖,0,1,0
匿名用户,0,0,0
匿名用户,0,1,1
啊斌,0,0,0
沈一临,0,0,2
东郭的郭,0,0,0
Litown,0,0,0
SuperNinja,0,0,0
彭超,0,0,0
海街刺桐,0,0,0
北百川,0,0,0
郑小松,0,0,0
关于你啊,0,0,0
夜半2点,0,0,0
无知者无畏,0,0,0
祝圆,0,0,0
诗诗入蔻,0,0,0
哎呀我地天呐,0,0,1
颖野,0,0,0
快乐的吃货,0,0,0
郑晴,0,0,0
匿名用户,0,0,0
北皋,0,0,0
法门之徒,0,0,0
奔吮秆彩,0,0,0
爆米花学堂,0,0,0
匿名用户,0,0,0
陈小球,0,0,0
吃饱了没事干,0,0,0
忧伤的未知数,0,0,0
不暴走的王尼玛,0,0,0
小花,0,1,0
白鹿为双,0,0,0
申露露,0,0,0
无益,0,0,0
匿名用户,0,0,3
gong,0,0,0
朱乎,0,0,0
杨思聪,0,0,0
嘉嵐,0,0,0
ArayLyh,0,0,0
无水,0,0,0
丫丫绑脚,0,0,0
匿名用户,0,0,0
匿名用户,0,0,0
light100bc,0,0,0
谢忻,0,0,0
菲菲,0,0,0
汪小菲,0,0,0
SonGee,0,0,0
子曰,0,0,0
Might,0,0,0
刘平国,0,0,0
lmy,0,0,0
求真即正义,0,0,0
Deadfool,0,0,0
kanyunqu,0,0,0
匿名用户,0,0,0
大西瓜,0,0,0
可爱小白兔,0,0,0
逸生,0,0,0
萝莉养殖员,0,0,0
匿名用户,0,0,0
今天要下雨,0,0,0
cedar,0,0,0
胡汉三,0,0,0
汉广,0,0,0
斤斤计较下午,0,0,0
胡志,0,0,0
匿名用户,0,0,0
cinqriz,0,0,0
吃炸鸡的哈士奇,0,0,0
匿名用户,0,0,0
molott,0,0,0
Levi林,0,0,0
郊区吴亦凡,0,0,0
林木森森,0,0,0
观影,0,0,0
苦苦挣扎,0,0,0
宁一冰,0,0,0
无欲则刚,0,0,0
隆隆,0,0,0
黄若愚,0,0,0
再见不负遇见,0,0,0
你的小肉肉呀,0,0,0
用户5738561659,0,1,0
维吉尔,0,0,0
夏雨秋风,0,0,0
周光裕,0,0,0
艽野尘梦,0,0,0
丁克猫,0,0,0
吴广德,0,0,0
拜拜,0,0,0
小石,0,0,0
津贰,0,0,0
暨南行,0,0,0
大桩主,0,0,0
挺个肚子听音乐,0,0,0
毛毛的衣服,0,0,0
颜值即正义,0,0,0
TAKUN,0,0,0
匿名用户,0,0,0
匿名用户,0,0,0
春娇的志明,0,0,0
亚米亚塔尼亚,0,0,0
The Farther,0,0,0
blueblack,0,0,0
wheatforest,0,0,0
惨绿少年,0,0,1
TtcKjy,0,0,0
王璐,0,0,0
风清扬,0,0,0
小胖大魔王,0,0,0
寒二,0,0,0
周大学问,0,0,0
艾米儿,0,0,0
天天书晓公子,0,0,0
X叔叔,0,0,0
人定胜天,0,0,0
IlVA,0,0,0
0920,0,0,0
匿名用户,0,0,0
lexs A,0,0,0
匿名用户,0,0,0
一只会打篮球的飞行员,0,0,0
xFan,0,0,0
匿名用户,0,0,0
匿名用户,0,0,0
Terra4,0,0,0
woksd,0,0,1
相离莫,0,0,0
有你走遍天下,0,0,0
匿名用户,0,0,0
Jen Mung,0,0,2
Uncle.wu,0,0,0
宁子,0,0,0
燕麦泡豆浆,0,0,0
amanda li,0,0,0
小萝卜,0,0,0
白猫转转风,0,0,0
岳知知,0,0,0
赵海斌 Bobert,0,0,0
万物皆可为道,0,0,0
匿名用户,0,0,0
安安,0,0,0
忧郁未决晴空,0,0,0
乙二胺,0,0,0
福建菊菊,0,1,0
子俊,0,0,0
一枝婷,0,0,0
呵呵,0,0,0
匿名用户,0,0,0
匿名用户,0,0,0
遇见未来的你,0,0,0
匿名用户,0,0,0
幽灵0001,0,0,0
匿名用户,0,0,0
匿名用户,0,0,0
匿名用户,0,0,0
中华卷发子,0,0,0
历历万乡,0,0,0
再等等,0,0,0
smith david,0,0,0
清风凉心,0,0,0
匿名用户,0,0,0
李某某,0,0,0
Hugo,0,0,0
无话可说,0,0,0
小土鸡的冒险,0,0,0
hssr w,0,0,0
方顺,0,1,0
鲍明正,0,0,0
匿名用户,0,1,0
亚奇罗贝,0,0,0
许文波,0,0,0
零钱包不饱,0,0,0
修远求索,0,0,0
sexy CAT,0,0,0
小表哥,0,0,0
匿名用户,0,0,0
ZillionReturn,0,0,0
dee ghh,0,0,0
喵喵韬,0,0,0
小九九,0,1,1
逃出八院,0,0,0
王超,0,1,0
菩提花落,0,0,0
匿名用户,0,0,1
匿名用户,0,0,0
潘的世界,0,0,0
匿名用户,0,0,0
匿名用户,0,0,0
林多久,0,0,0
那抹浮色,0,0,0
温凉,0,0,0
演员,0,0,0
匿名用户,0,0,2
ovo,0,0,0
匿名用户,0,0,0
王小德,0,0,0
匿名用户,0,0,0
浪味仙子,0,1,0
似水,0,0,0
匿名用户,0,0,0
kkkk,0,0,0
淼淼he,0,0,0
唐风陌刀,0,0,0
李蜜梨,0,0,3
张先森,0,0,0
匿名用户,0,0,0
日光倾城,0,0,0
孙悟幻,0,0,0
醉类,0,0,0
张伟,0,0,0
于是,0,0,0
都安,0,0,2
孤独时光,0,0,0
小面包,0,0,0
重新开始吗,0,0,0
高富帅装屌丝,0,0,2
徐州,0,0,0
匿名用户,0,0,2
匿名用户,0,0,0
张玚,0,0,0
杨晓燕,0,1,0
Scepter,0,0,0
武术老师,0,0,0
春城春天下春雨,0,0,0
鲤鱼,0,0,0
Sven娄,0,0,0
匿名用户,0,0,0
匿名用户,0,0,0
匿名用户,0,0,0
Albert先生,0,0,0
张无忌,0,0,0
toboe,0,0,0
邵瑞阳,0,0,0
匿名用户,0,0,2
zzzz,0,0,0
匿名用户,0,0,0
匿名用户,0,0,2
子墨,0,0,0
读医的小松,0,0,0
笑哈哈抑郁,0,0,0
Victor,0,0,0
大白先生,0,0,1
猫嘴里的鱼,0,0,0
匿名用户,0,0,2
CleanLove,0,0,0
匿名用户,0,0,0
板桥杰少,0,0,0
陆露,0,0,0
微魔微生命,0,0,0
夏夏夏天,0,0,0
甩锅局局长李嘉德,0,0,0
海之韵,0,0,0
Ellen,0,0,0
细嗅蔷薇,0,0,0
风雪无痕,0,0,0
Cigar,0,0,0
叉烧肉,0,1,0
大猫猫,0,0,0
贺继,0,0,0
扫黄大力丸,0,0,0
天边的一只孤狼,0,0,0
匿名用户,0,1,0
sydark,0,0,0
匿名用户,0,0,0
失去你还挺高兴的,0,0,0
阳仔,0,0,0
呼呼哈哈,0,0,0
Don Corleone,0,0,0
DANKDLALDA,0,0,0
风吹鸡蛋壳,0,1,0
常志成,0,0,0
王重琰,0,0,0
半晌-04,0,0,0
泰迪熊熊,0,0,0
灯半昏时,0,0,0
孑然,0,0,0
一群优越狗,0,1,4
匿名用户,0,0,0
乐在其中,0,0,0
elf123,0,0,0
匿名用户,0,0,9
道近可然,0,0,0
一直翻滚的雪球,0,0,0
Mike Tan,0,0,0
匿名用户,0,0,5
Vie丶,0,0,0
匿名用户,0,0,4
横竖井,0,0,0
虚行徒者,0,0,0
哈哈哈哈哈哈隔,0,0,0
匿名用户,0,0,0
古月,0,0,1
颜苏子,0,0,0
耀武扬威的十三,0,0,0
夜阑卧听风吹雨,0,0,2
杜杜肚胀,0,0,0
匿名用户,0,0,1
末末,0,0,1
匿名用户,0,0,0
匿名用户,0,1,1
凯文,0,0,0
ptulgnelxo,0,0,0
Mr张先生,0,0,0
小小的2018,0,0,0
张壹毛,0,0,0
匿名用户,0,1,1
木尧,0,0,1
甜甜的香橙君,0,0,0
静石君,0,0,0
Sharyl,0,0,0
匿名用户,0,0,0
妖道,0,0,0
葡萄不是葡萄,0,0,0
大樱桃要爆炸,0,0,3
金钱全是魅力,0,0,0
章鱼,0,0,0
陈某某,0,0,0
成群,0,0,0
咔咔咔,0,0,0
唐小山,0,0,0
Henry He,0,0,0
識字軍,0,0,2
张姌姌oo,0,0,0
北极熊么么哒,0,1,0
佳佳,0,0,15
1714,0,0,0
苏天,0,0,0
树懒和卖他萌,0,0,1
匿名用户,0,0,0
匿名用户,0,0,0
匿名用户,0,0,0
符一,0,1,0
匿名用户,0,0,0
乐乐,0,0,3
喜欢青柠的小姑娘,0,0,8
小熊猫,0,0,0
匿名用户,0,0,0
匿名用户,0,0,3
万聖,0,0,0
snake,0,0,0
拼搏的青春,0,0,0
匿名用户,0,1,1
汐梦丶,0,0,0
creep,0,0,0
国航向往顶峰,0,0,0
JackL,0,1,0
顾少游,0,0,0
西瓜还是冰镇的好,0,0,0
汤川亮,0,0,0
沙琳,0,0,0
岛屿,0,0,1
ICey,0,0,0
匿名用户,0,0,0
LAZE13,0,0,0
匿名用户,0,0,0
李子轩,0,0,0
林木,0,0,0
尼德霍格,0,0,0
天莫,0,0,3
蛋蛋刀下鬼,0,0,0
沐晋风,0,0,0
匿名用户,0,0,0
匿名用户,0,0,1
细草微风岸,0,0,0
Carry on,0,0,1
盒子酱,0,0,0
舞着雪的龙,0,0,0
小螺号滴滴滴吹,0,0,0
易壹一,0,0,0
清如许,0,0,3
feng,0,0,0
eiholi,0,0,0
丸子,0,0,0
方家乐,0,0,0
匿名用户,0,0,0
努力就能拥有吗,0,0,0
可爱的胡小花,0,0,0
我爱你所不能,0,0,0
野鹤,0,0,0
小嘟嘟,0,0,0
lee不理,0,0,0
匿名用户,0,0,0
晴天,0,0,0
流泪的忏悔者,0,0,0
燦多先生,0,0,0
天尊玫瑰,0,0,0
ur fa泽,0,0,0
月下似水,0,0,0
T污兔,0,0,0
还好有米饭,0,0,0
蓝色开端,0,0,0
独孤小邪,0,0,1
百草春生,0,0,0
LoyA1ty,0,0,0
迷羊,0,0,0
匿名用户,0,0,0
MechanicLau,0,0,0
尽我所能,0,0,1
匿名用户,0,0,20
逆向投资者小恶魔,0,0,0
嘎嘎,0,0,0
记不住的紫罗兰,0,0,0
OMG,0,0,1
谁主沉浮,0,0,0
郑痞子,0,0,2
念念不忘,0,0,3
laing,0,0,0
Ocean,0,0,0
匿名用户,0,0,0
酮基,0,0,0
叶席清,0,0,0
匿名用户,0,0,1
曾经的事实,0,0,0
大胆刁民,0,0,0
雷森,0,0,0
陈浩,0,0,0
Bennyst,0,0,0
萧肆柒兮,0,0,0
米米,0,0,0
匿名用户,0,1,0
匿名用户,0,0,0
匿名用户,0,0,0
小丑先生,0,0,0
爱吃鱼的鱼,0,0,0
暴君尼禄爱学习,0,0,2
allencaliburen,0,0,0
10年之后的枭雄,0,0,0
叉叉,0,0,0
匿名用户,0,0,0
辛冠良,0,0,1
扬天,0,0,0
HUXIANHUI,0,0,0
匿名用户,0,0,0
匿名用户,0,0,0
大肌霸945,0,0,0
郑一一,0,0,0
三醒,0,0,0
落雨时节,0,0,0
自安,0,0,0
匿名用户,0,0,0
我不爱吃肉,0,0,0
王强,0,0,2
刘海涛,0,0,0
你来了风也来了,0,0,0
Sandy,0,0,0
匿名用户,0,0,5
匿名用户,0,0,3
天天在线,0,0,0
匿名用户,0,0,0
zengyan,0,0,0
匿名用户,0,0,0
匿名用户,0,0,0
Glorysurvive,0,0,0
郑浩文,0,0,0
tajoanh,0,0,0
秋名湖畔的鱼,0,0,0
1955dd,0,0,0
品质生活馆,0,0,0
之宾,0,0,0
小冰凉儿,0,0,0
小鱼,0,0,0
六年公寓1984,0,0,0
柏林,0,0,0
山茶花,0,0,0
匿名用户,0,0,0
yy123,0,0,0
九域,0,0,0
来自东北的洛理在校生,1,0,1
小李他妈的飞刀,1,0,0
偷得浮生半日闲,1,0,0
匿名用户,1,0,3
匿名用户,1,0,0
Dysfunctional,1,1,0
沐清涵,1,0,9
刘桃绫,1,1,0
沈耽,1,0,1
匿名用户,1,0,0
匿名用户,1,0,2
匿名用户,1,1,0
姬腾飞,1,0,3
柴石睡蓮,1,1,3
匿名用户,1,0,0
匿名用户,1,0,2
媚儿不哭,1,0,2
猫咪球,1,0,0
匿名用户,10,0,1
匿名用户,1,0,2
薛定谔的喵,1,1,0
萌萌喵Mt,1,0,0
無辜,1,0,2
匿名用户,1,1,0
让他非,1,0,0
十万个嫂夫人,1,0,5
人面兽心的小点心,0,0,1
匿名用户,0,0,1
匿名用户,0,0,4
南山泉水鸡,0,0,0
包哈哈,0,0,3
欧阳华锋,0,0,0
曲临嘉,0,0,0
庄肴,0,0,0
李秀秀啊,0,0,0
悟空,0,0,0
BRT,0,0,1
等风的无语,0,0,2
西西妈,0,0,0
匿名用户,0,0,9
匿名用户,0,0,1
匿名用户,0,0,6
暗音,0,0,0
龙之峰神殇,0,0,0
匿名用户,0,0,1
牛肉,0,0,0
刘茗茗,0,1,0
撸猫摸狗养鱼之徒,0,0,4
匿名用户,0,0,0
滚滚长江都是熊,0,0,0
白愁飞,0,1,0
king lee,0,0,0
AmyQ,0,0,1
鸡排排排排排排,0,0,0
胡不归,0,0,0
没想好叫啥,0,0,0
陈思,0,0,0
凯撒,0,0,0
匿名用户,0,0,0
宁输输,0,0,0
正在启动,0,0,0
丹椒小姐姐,0,1,0
BN BBB,0,0,0
丁丁哥,0,0,3
匿名用户,0,0,1
匿名用户,0,0,0
薛尼罗伯特,0,0,0
匿名用户,0,0,10
匿名用户,0,0,1
傻子一个,0,0,0
万子牛,0,1,0
「已注销」,0,0,2
梦幻王者,0,0,11
SilverLuna,0,0,3
土昊,0,0,0
张德强,0,0,0
Friedrich,0,0,0
猫咪没睡醒,0,0,0
小涛小涛,0,0,1
形而后,0,0,0
风涌云开,0,0,0
Lee,0,0,0
山有木兮,0,0,0
一只合格狼人修养,0,0,0
匿名用户,0,0,0
王二妮少爷,0,0,0
李而,0,0,0
匿名用户,0,0,0
为好优,0,0,0
Grayellow,0,0,0
葛玄枵,0,0,1
刘泽枫,0,0,1
Ethan,0,0,0
匿名用户,0,0,0
何凡楠,0,1,3
林欣明,0,0,0
阿懒,0,0,0
颖特特,0,0,0
极致温暖,0,0,1
ker shu,0,0,0
魏知行,0,0,0
张腾,0,0,0
屈少博,0,0,0
林风,0,0,0
邹浩,0,1,0
刘天,0,0,0
匿名用户,0,0,0
匿名用户,0,1,7
漱石,0,0,0
吞吞,0,1,0
情摄猫老师,0,0,0
老崔052,0,1,0
匿名用户,0,0,0
匿名用户,0,0,1
许愿树下的猛男,0,0,0
匿名用户,0,0,0
匿名用户,0,0,0
匿名用户,0,0,0
王懿宸,0,0,0
钱俊逸,0,0,1
匿名用户,0,0,0
匿名用户,0,0,0
匿名用户,0,0,0
匿名用户,0,0,1
嗑勒,0,0,0
巴拉巴拉,0,0,0
匿名用户,0,0,0
匿名用户,0,0,0
徐娇娇,0,0,0
小超在哪里,0,0,0
匿名用户,0,0,3
Messiah,0,0,8
姚汶汛,0,0,0
匿名用户,0,0,0
圆盘风车,0,0,0
匿名用户,0,0,0
猫大湿,0,1,0
匿名用户,0,0,0
匿名用户,0,0,0
查夏炎,0,0,0
一一,0,1,0
匿名用户,0,0,0
总会找到你,0,0,0
夏夏大人,0,0,0
把头发留到一米,0,1,1
匿名用户,0,0,1
眉骨,0,1,2
张锦凡,0,1,1
神临,0,0,0
匿名用户,0,0,0
拜金族,0,0,0
安娜 Anna,0,0,2
陀螺剃须刀,0,0,0
Raymond,0,0,2
战斗原始人,0,0,0
小鑫知识,0,0,0
帅西瓜,0,0,3
aizij,0,0,0
欧g哥,0,1,0
卷媛,1,0,3
周毅森,4,0,0
king999999,0,0,2
匿名用户,0,0,0
匿名用户,0,0,7
AMY,0,0,0
徐浪,0,0,0
菜菜,0,1,0
甘瑶冰,0,0,0
熊猫草人,0,0,0
AimeiGuardian,0,0,0
多软咪,0,1,0
杨迪,0,0,2
洛水之渊,0,0,1
mr.foolish,0,0,1
得了吧我,0,0,0
琦女王,0,0,1
再美不过人心,0,0,0
番茄鸡蛋饭哦哦,1,0,0
匿名用户,0,0,0
道友请留步,3,1,0
荒川少女,3,0,0
厚朋,1,1,0
stream,2,1,0
嘿嘿嘿,1,0,20
陈佳,0,0,0
投机分子由加奈,2,0,8
任意,1,0,0
匿名用户,0,0,2
匿名用户,0,0,0
陆任迦,0,0,0
xiao wu,1070,94,100
